Project_ID,Project_Name,Start_Date,Expected_End_Date,Actual_End_Date,Budget,Spent_Amount,Duration,Current_Phase,Team_Size,Weather_Factor,Change_Orders,Supplier_Reliability,Permits_Issued,Risk_Level,Stakeholder_Engagement,Compliance_Issues,Completion_Status
1,Project_1,2024-01-21,2024-09-08,,1368461,231558,169,Construction,6,4,3,2,1,4,3,1,0
2,Project_2,2024-01-08,2024-08-30,,864256,14415,234,Planning,11,7,0,10,8,5,5,1,1
3,Project_3,2024-01-03,2024-09-27,,520812,307814,279,Inspection,8,2,1,3,6,4,7,0,1
4,Project_4,2024-01-07,2024-11-16,,510279,199630,395,Construction,1,3,0,8,6,1,9,0,1
5,Project_5,2024-01-19,2024-12-30,,1179692,380962,274,Construction,7,8,4,5,0,2,3,2,1
6,Project_6,2024-01-13,2024-10-20,,929211,55514,184,Planning,1,1,3,1,0,8,6,1,0
7,Project_7,2024-01-24,2024-11-02,,675399,388161,325,Planning,13,4,2,3,9,1,6,0,0
8,Project_8,2024-01-21,2024-12-05,,880278,158134,243,Inspection,12,1,3,8,7,3,6,1,1
9,Project_9,2024-01-24,2024-10-10,,858241,114882,156,Inspection,10,9,3,5,0,7,9,1,1
10,Project_10,2024-01-06,2024-07-11,,515899,111878,259,Inspection,9,3,0,10,3,10,3,1,0
11,Project_11,2024-01-04,2024-08-09,,923602,25379,281,Inspection,17,1,4,1,2,6,1,2,1
12,Project_12,2024-01-01,2024-09-04,,1077107,4575,265,Inspection,12,3,0,6,6,2,1,2,1
13,Project_13,2024-01-06,2024-12-21,,1078301,148861,198,Planning,16,3,4,8,0,8,7,0,0
14,Project_14,2024-01-10,2024-12-30,,1416434,287321,314,Inspection,17,7,4,2,1,5,5,2,1
15,Project_15,2024-01-19,2024-08-23,,894778,268630,237,Construction,3,2,1,1,8,9,4,2,0
16,Project_16,2024-01-12,2024-07-21,,1044483,175600,168,Construction,9,6,1,9,0,5,6,2,1
17,Project_17,2024-01-29,2024-10-15,,677384,216324,305,Inspection,12,7,2,6,5,8,5,1,0
18,Project_18,2024-01-09,2024-10-07,,815901,415395,260,Inspection,12,1,0,2,0,6,8,0,0
19,Project_19,2024-01-28,2024-11-06,,1274479,205763,154,Construction,4,4,2,2,9,3,5,0,0
20,Project_20,2024-01-20,2024-06-30,,1375926,319309,259,Inspection,17,6,0,4,4,8,3,2,0
21,Project_21,2024-01-23,2024-08-28,,555965,480482,376,Inspection,14,4,1,9,3,3,1,1,1
22,Project_22,2024-01-29,2024-07-03,,1332194,193791,325,Construction,16,2,1,10,7,7,2,2,0
23,Project_23,2024-01-09,2024-11-26,,1195986,150712,214,Planning,10,5,4,4,4,7,8,0,1
24,Project_24,2024-01-09,2024-10-16,,1057623,271405,183,Inspection,12,3,2,2,9,9,1,2,0
25,Project_25,2024-01-03,2024-08-31,,1457847,484806,166,Construction,9,1,4,1,7,7,5,1,0
26,Project_26,2024-01-12,2024-12-09,,1474216,451528,233,Construction,3,5,4,3,0,4,7,1,0
27,Project_27,2024-01-09,2024-09-08,,551714,468219,264,Construction,4,1,3,8,4,7,4,2,0
28,Project_28,2024-01-02,2024-11-30,,988490,78531,299,Construction,13,7,4,4,9,9,10,1,0
29,Project_29,2024-01-15,2024-07-14,,781525,13053,379,Construction,6,3,2,1,0,2,2,1,1
30,Project_30,2024-01-08,2024-10-09,,848857,231711,374,Construction,3,10,3,6,2,10,5,2,1
31,Project_31,2024-01-09,2024-09-15,,573475,415884,268,Construction,1,9,0,10,7,10,7,2,0
32,Project_32,2024-01-09,2024-12-29,,1297605,82998,266,Inspection,13,6,4,6,4,8,8,0,0
33,Project_33,2024-01-02,2024-07-29,,1433305,450414,163,Planning,14,1,3,9,2,2,6,2,1
34,Project_34,2024-01-01,2024-09-04,,1005556,3383,294,Inspection,11,7,2,1,2,10,5,1,1
35,Project_35,2024-01-16,2024-07-19,,1228616,23293,208,Inspection,15,9,2,6,6,8,5,1,0
36,Project_36,2024-01-08,2024-08-10,,728078,56570,399,Construction,11,10,2,2,9,7,10,0,1
37,Project_37,2024-01-26,2024-12-25,,915556,169305,217,Planning,5,4,0,1,7,9,9,1,0
38,Project_38,2024-01-26,2024-09-01,,1309321,43662,271,Planning,17,7,2,4,3,5,5,2,1
39,Project_39,2024-01-27,2024-09-29,,661981,481332,224,Inspection,3,1,4,8,4,4,8,1,0
40,Project_40,2024-01-21,2024-06-29,,670129,381291,359,Construction,4,4,2,6,5,7,9,2,0
41,Project_41,2024-01-13,2024-11-21,,1288580,445841,223,Planning,1,8,4,6,1,5,10,2,0
42,Project_42,2024-01-22,2024-11-18,,996292,130734,248,Planning,16,9,2,5,0,3,1,2,0
43,Project_43,2024-01-04,2024-10-30,,755175,456896,390,Planning,12,3,3,10,8,6,7,2,0
44,Project_44,2024-01-26,2024-08-08,,964272,477562,237,Construction,9,10,4,6,0,6,4,0,0
45,Project_45,2024-01-17,2024-10-24,,574047,222005,281,Construction,7,10,4,1,6,9,8,0,0
46,Project_46,2024-01-18,2024-08-08,,883256,60076,357,Inspection,7,5,3,2,5,3,1,2,0
47,Project_47,2024-01-30,2024-11-20,,895265,197954,241,Construction,10,9,3,9,9,5,8,2,0
48,Project_48,2024-01-13,2024-11-01,,716912,142018,394,Construction,9,4,2,5,7,8,4,0,0
49,Project_49,2024-01-04,2024-10-28,,1219403,434879,292,Planning,4,10,4,7,0,6,1,1,1
50,Project_50,2024-01-27,2024-08-10,,1240976,147986,157,Inspection,6,4,1,3,3,1,9,2,1
51,Project_51,2024-01-28,2024-07-25,,1153361,95608,311,Inspection,1,1,3,10,1,8,10,2,0
52,Project_52,2024-01-07,2024-12-24,,1343682,440441,295,Construction,8,6,1,10,4,10,7,2,1
53,Project_53,2024-01-10,2024-09-08,,715333,256493,387,Planning,14,10,2,3,3,6,1,1,1
54,Project_54,2024-01-12,2024-10-08,,964801,32123,163,Construction,15,10,0,6,5,9,10,2,0
55,Project_55,2024-01-17,2024-07-14,,1064396,320770,169,Construction,15,7,4,3,8,10,6,0,1
56,Project_56,2024-01-19,2024-12-07,,711636,266176,382,Inspection,14,10,2,6,2,7,7,0,0
57,Project_57,2024-01-09,2024-11-09,,1443920,348879,306,Construction,10,3,0,7,7,5,3,2,0
58,Project_58,2024-01-27,2024-07-28,,1349850,202202,177,Planning,19,3,4,7,0,2,10,1,1
59,Project_59,2024-01-26,2024-07-17,,1105934,338432,249,Planning,12,5,0,1,2,1,5,1,0
60,Project_60,2024-01-25,2024-08-29,,898651,214185,215,Planning,11,10,2,10,7,7,7,2,1
61,Project_61,2024-01-11,2024-12-28,,1204723,281444,242,Construction,4,10,3,9,5,4,10,2,0
62,Project_62,2024-01-06,2024-11-22,,728942,463553,158,Construction,4,1,1,3,2,4,4,0,0
63,Project_63,2024-01-08,2024-10-30,,1109105,145365,178,Inspection,11,10,0,8,6,1,4,0,0
64,Project_64,2024-01-18,2024-07-08,,532039,215718,253,Construction,2,1,3,2,0,1,4,0,1
65,Project_65,2024-01-10,2024-09-09,,1458981,373611,247,Planning,7,3,2,4,0,4,10,2,1
66,Project_66,2024-01-07,2024-11-10,,574935,55033,261,Planning,8,3,3,1,9,8,7,1,1
67,Project_67,2024-01-19,2024-11-20,,1482948,214380,380,Construction,19,4,4,10,8,9,8,0,1
68,Project_68,2024-01-02,2024-11-26,,1394650,477045,178,Planning,12,10,4,2,3,2,1,0,0
69,Project_69,2024-01-26,2024-07-26,,1329487,198196,205,Construction,10,5,1,5,3,2,1,1,0
70,Project_70,2024-01-07,2024-09-09,,1028849,331835,221,Construction,11,8,1,4,3,3,8,0,1
71,Project_71,2024-01-22,2024-10-06,,964688,114831,264,Planning,5,1,0,3,7,2,10,1,1
72,Project_72,2024-01-30,2024-10-18,,1109877,366551,377,Planning,5,9,4,5,6,6,6,0,0
73,Project_73,2024-01-14,2024-08-24,,1276737,314265,293,Inspection,2,7,3,1,1,10,3,1,0
74,Project_74,2024-01-04,2024-11-12,,1001732,130960,288,Planning,2,5,3,7,0,9,8,1,0
75,Project_75,2024-01-17,2024-09-29,,1438870,107651,218,Planning,15,7,1,1,1,9,1,2,0
76,Project_76,2024-01-18,2024-10-22,,785670,13972,364,Planning,18,7,4,8,0,2,7,1,0
77,Project_77,2024-01-02,2024-10-20,,1274828,349191,283,Construction,17,8,4,2,2,6,6,1,0
78,Project_78,2024-01-08,2024-07-06,,878400,323810,259,Planning,17,2,3,7,2,7,1,0,0
79,Project_79,2024-01-11,2024-11-07,,896841,251760,214,Inspection,8,6,3,4,7,10,4,0,0
80,Project_80,2024-01-13,2024-09-21,,1438582,276518,294,Construction,14,8,0,6,4,5,6,2,0
81,Project_81,2024-01-06,2024-09-20,,661804,49848,366,Inspection,13,1,4,1,4,9,2,0,1
82,Project_82,2024-01-27,2024-07-27,,1121171,220711,241,Construction,8,3,4,9,7,1,2,1,1
83,Project_83,2024-01-14,2024-07-08,,1242503,352199,275,Construction,4,3,2,6,6,3,8,1,0
84,Project_84,2024-01-29,2024-10-18,,896151,241032,361,Inspection,12,6,4,1,9,2,10,2,1
85,Project_85,2024-01-21,2024-09-08,,513848,20240,233,Planning,15,3,2,4,5,5,3,2,0
86,Project_86,2024-01-09,2024-11-07,,893339,58709,263,Inspection,8,10,1,8,6,1,2,2,0
87,Project_87,2024-01-04,2024-10-22,,1337076,179325,231,Planning,17,6,1,8,1,6,1,0,0
88,Project_88,2024-01-09,2024-11-03,,1265785,387971,256,Inspection,5,6,3,8,8,6,8,1,1
89,Project_89,2024-01-14,2024-07-17,,622405,58508,215,Construction,19,7,3,10,7,10,10,1,1
90,Project_90,2024-01-05,2024-11-10,,774032,380284,257,Inspection,7,1,3,9,0,2,9,1,0
91,Project_91,2024-01-12,2024-09-07,,1267299,48318,188,Construction,2,3,1,2,0,4,9,2,1
92,Project_92,2024-01-08,2024-12-06,,1069774,404577,292,Planning,7,10,0,2,4,1,5,2,1
93,Project_93,2024-01-04,2024-11-27,,1486179,398554,246,Construction,13,5,4,5,6,10,9,0,0
94,Project_94,2024-01-19,2024-07-05,,801067,8275,214,Inspection,1,8,0,5,1,1,3,0,0
95,Project_95,2024-01-06,2024-10-06,,819582,151159,391,Construction,12,7,0,6,5,10,4,2,1
96,Project_96,2024-01-11,2024-10-16,,609611,201697,198,Planning,17,7,0,7,1,7,7,1,1
97,Project_97,2024-01-18,2024-07-03,,1217981,179046,245,Inspection,12,5,2,2,1,6,8,1,1
98,Project_98,2024-01-30,2024-09-26,,937371,107267,326,Planning,4,9,0,3,0,9,10,1,1
99,Project_99,2024-01-07,2024-08-13,,986541,176207,263,Planning,12,9,2,10,8,2,10,1,1
100,Project_100,2024-01-14,2024-07-18,,737155,381829,336,Inspection,8,10,0,4,7,3,9,2,0
101,Project_101,2024-01-14,2024-07-17,,1046876,127734,248,Construction,2,7,1,1,2,9,3,1,1
102,Project_102,2024-01-08,2024-10-25,,901748,95486,172,Inspection,6,8,2,2,6,10,4,1,1
103,Project_103,2024-01-06,2024-08-25,,1463867,65593,399,Planning,9,9,1,9,8,9,7,0,0
104,Project_104,2024-01-28,2024-08-03,,973076,301355,199,Planning,6,9,0,8,9,1,9,1,1
105,Project_105,2024-01-09,2024-09-14,,1074946,484598,207,Planning,17,9,3,9,5,3,3,1,0
106,Project_106,2024-01-19,2024-09-10,,688298,203299,309,Inspection,11,2,3,7,5,7,10,0,0
107,Project_107,2024-01-20,2024-12-27,,1201645,468580,246,Construction,1,5,3,8,2,6,8,2,1
108,Project_108,2024-01-25,2024-08-13,,676785,410612,362,Construction,10,8,1,1,0,6,10,2,0
109,Project_109,2024-01-07,2024-12-15,,1114425,415023,316,Planning,13,9,2,3,7,4,8,0,1
110,Project_110,2024-01-06,2024-08-04,,1202052,82319,196,Inspection,10,8,4,8,2,3,3,1,1
111,Project_111,2024-01-23,2024-07-20,,1107604,315319,194,Planning,14,8,2,9,4,10,4,1,1
112,Project_112,2024-01-24,2024-12-08,,634037,41635,171,Inspection,1,2,2,5,6,5,8,2,0
113,Project_113,2024-01-05,2024-08-23,,1057430,292646,158,Planning,17,9,4,10,8,5,6,0,1
114,Project_114,2024-01-19,2024-07-05,,816357,330549,229,Inspection,5,2,1,3,0,3,2,1,1
115,Project_115,2024-01-07,2024-07-06,,1111477,40936,158,Inspection,10,4,1,9,8,2,10,0,1
116,Project_116,2024-01-21,2024-10-09,,747514,440080,358,Inspection,1,6,3,9,7,4,1,1,0
117,Project_117,2024-01-06,2024-11-14,,1264703,232738,235,Inspection,11,1,0,10,1,6,8,0,0
118,Project_118,2024-01-25,2024-09-25,,731403,491871,161,Construction,10,3,3,3,2,7,3,0,1
119,Project_119,2024-01-06,2024-09-15,,771221,199471,252,Planning,9,9,0,10,3,4,4,2,1
120,Project_120,2024-01-26,2024-12-15,,1056995,166723,211,Construction,4,2,1,7,3,9,10,2,1
121,Project_121,2024-01-16,2024-11-03,,1320623,261007,176,Inspection,4,6,2,4,1,3,10,1,0
122,Project_122,2024-01-14,2024-09-08,,944790,441167,246,Planning,7,10,1,5,6,4,8,0,0
123,Project_123,2024-01-28,2024-08-24,,755375,210193,353,Inspection,17,8,3,6,9,6,9,1,0
124,Project_124,2024-01-21,2024-12-28,,940068,254389,221,Planning,15,5,1,10,5,5,2,2,0
125,Project_125,2024-01-22,2024-09-11,,695810,101710,257,Inspection,14,4,3,1,9,3,9,0,0
126,Project_126,2024-01-13,2024-11-24,,725744,209437,199,Inspection,16,3,1,9,1,10,8,2,0
127,Project_127,2024-01-03,2024-12-20,,1350205,54484,349,Inspection,18,3,2,7,4,2,8,1,0
128,Project_128,2024-01-23,2024-11-19,,757220,244487,260,Construction,4,2,4,7,4,8,6,2,0
129,Project_129,2024-01-19,2024-08-16,,1141955,436039,192,Planning,13,4,0,9,3,4,3,1,0
130,Project_130,2024-01-24,2024-10-15,,566708,476541,269,Planning,5,9,0,1,4,1,1,1,1
131,Project_131,2024-01-14,2024-11-28,,1360200,128237,215,Construction,5,4,1,1,3,9,4,0,1
132,Project_132,2024-01-23,2024-07-30,,731388,154091,187,Inspection,17,8,2,3,6,6,7,1,1
133,Project_133,2024-01-26,2024-07-22,,899236,96280,346,Planning,6,10,1,1,9,3,5,2,0
134,Project_134,2024-01-27,2024-08-10,,867264,74104,383,Planning,17,6,1,7,2,10,3,0,0
135,Project_135,2024-01-23,2024-10-23,,697701,143237,357,Planning,12,4,0,4,7,1,1,2,1
136,Project_136,2024-01-03,2024-12-13,,609780,146769,192,Construction,1,9,2,9,2,6,3,2,1
137,Project_137,2024-01-22,2024-08-28,,1028425,282635,267,Construction,4,10,1,9,7,6,9,1,1
138,Project_138,2024-01-16,2024-10-10,,706420,261140,223,Construction,3,5,4,5,1,4,2,1,0
139,Project_139,2024-01-24,2024-09-12,,1124056,480923,223,Inspection,4,6,4,4,5,2,8,0,1
140,Project_140,2024-01-29,2024-09-27,,604677,156489,197,Planning,5,8,3,4,6,9,7,2,0
141,Project_141,2024-01-23,2024-10-02,,773652,406766,358,Planning,9,1,4,8,5,1,9,2,1
142,Project_142,2024-01-26,2024-08-24,,678342,92020,278,Construction,14,6,4,8,3,8,9,0,0
143,Project_143,2024-01-16,2024-11-08,,1471473,483571,151,Construction,19,4,1,1,7,8,9,1,0
144,Project_144,2024-01-19,2024-12-15,,1299660,448889,384,Construction,8,2,2,2,5,5,6,1,0
145,Project_145,2024-01-05,2024-08-08,,1383462,115208,170,Planning,2,9,2,7,5,8,5,1,1
146,Project_146,2024-01-29,2024-09-05,,1272598,108614,374,Inspection,7,1,3,10,4,3,8,2,1
147,Project_147,2024-01-24,2024-08-10,,917174,290232,166,Planning,13,6,1,4,8,8,9,0,0
148,Project_148,2024-01-04,2024-08-29,,604752,338705,348,Construction,11,4,2,10,4,7,9,0,1
149,Project_149,2024-01-26,2024-10-29,,844463,238141,366,Planning,17,3,3,6,9,3,4,2,0
150,Project_150,2024-01-13,2024-11-03,,726766,269423,385,Inspection,16,2,1,2,3,9,10,0,0
151,Project_151,2024-01-18,2024-07-13,,1380386,141409,307,Planning,11,9,3,2,5,6,6,1,0
152,Project_152,2024-01-07,2024-08-28,,803226,100309,237,Planning,10,5,3,6,1,3,4,2,1
153,Project_153,2024-01-25,2024-10-24,,1330623,491454,267,Planning,10,10,4,3,3,8,5,0,0
154,Project_154,2024-01-22,2024-07-01,,724776,113412,337,Construction,9,9,0,6,0,7,1,2,0
155,Project_155,2024-01-11,2024-09-10,,1079524,491200,301,Construction,17,8,2,2,7,10,3,2,1
156,Project_156,2024-01-23,2024-08-17,,544339,219137,198,Construction,2,2,1,3,5,8,2,0,1
157,Project_157,2024-01-11,2024-08-15,,1101227,76047,236,Planning,18,10,0,9,5,2,4,2,0
158,Project_158,2024-01-23,2024-11-24,,922214,465406,324,Inspection,14,7,3,7,2,4,1,1,0
159,Project_159,2024-01-29,2024-07-15,,747500,339549,150,Inspection,5,10,3,2,3,2,7,1,0
160,Project_160,2024-01-24,2024-07-24,,1033468,341944,330,Inspection,11,5,0,2,9,4,4,1,0
161,Project_161,2024-01-24,2024-09-26,,666272,129931,326,Inspection,12,4,1,7,3,10,2,2,1
162,Project_162,2024-01-05,2024-08-05,,903543,87917,399,Planning,4,5,2,9,1,4,9,2,0
163,Project_163,2024-01-10,2024-11-23,,1143995,32504,385,Construction,3,6,1,7,4,5,2,1,0
164,Project_164,2024-01-03,2024-11-18,,1444806,489850,341,Planning,17,4,0,4,6,5,6,2,0
165,Project_165,2024-01-15,2024-08-01,,526286,402429,260,Construction,18,6,4,8,1,1,2,0,0
166,Project_166,2024-01-15,2024-08-20,,1122879,52441,236,Inspection,6,1,3,2,8,7,4,0,0
167,Project_167,2024-01-10,2024-10-21,,971984,253571,210,Planning,3,1,2,2,8,5,5,1,1
168,Project_168,2024-01-09,2024-12-08,,1447150,369090,372,Inspection,5,8,1,2,9,7,8,0,0
169,Project_169,2024-01-10,2024-12-08,,584100,446069,206,Inspection,2,1,0,2,4,10,8,1,1
170,Project_170,2024-01-29,2024-08-15,,1087928,58040,376,Inspection,4,1,1,10,1,8,8,1,0
171,Project_171,2024-01-15,2024-10-17,,1148498,399473,343,Planning,19,6,1,5,5,1,1,2,0
172,Project_172,2024-01-16,2024-10-14,,1300136,66404,262,Planning,16,1,1,3,3,5,4,1,0
173,Project_173,2024-01-01,2024-07-26,,1197696,212234,266,Inspection,10,2,0,10,6,5,6,2,0
174,Project_174,2024-01-02,2024-10-26,,1306577,351934,174,Planning,19,10,2,7,9,1,4,0,0
175,Project_175,2024-01-16,2024-11-23,,1481557,391164,268,Construction,8,8,1,5,0,7,4,1,0
176,Project_176,2024-01-24,2024-09-05,,777800,98777,293,Inspection,19,6,4,10,8,6,7,2,0
177,Project_177,2024-01-26,2024-12-27,,793768,84022,372,Planning,19,4,2,4,0,9,6,0,1
178,Project_178,2024-01-30,2024-10-26,,598909,212691,226,Construction,11,8,2,5,9,10,5,1,0
179,Project_179,2024-01-07,2024-08-28,,1400835,302228,293,Planning,6,2,4,2,9,2,9,2,1
180,Project_180,2024-01-11,2024-10-03,,942535,84680,354,Inspection,3,6,2,7,1,8,1,0,0
181,Project_181,2024-01-09,2024-10-06,,1287237,209516,295,Inspection,12,9,0,6,2,3,2,0,0
182,Project_182,2024-01-30,2024-08-24,,1339207,253105,165,Planning,12,7,4,10,8,5,7,2,0
183,Project_183,2024-01-11,2024-10-10,,1266301,55558,203,Planning,19,3,1,4,7,6,7,0,0
184,Project_184,2024-01-14,2024-07-28,,924828,223816,351,Planning,6,5,2,10,2,7,6,0,0
185,Project_185,2024-01-06,2024-07-18,,616518,353896,341,Planning,4,8,0,1,5,8,1,0,1
186,Project_186,2024-01-08,2024-11-15,,714871,276460,151,Planning,13,1,2,6,8,5,9,2,1
187,Project_187,2024-01-10,2024-09-02,,1376472,416966,342,Inspection,19,6,1,2,7,6,1,1,1
188,Project_188,2024-01-03,2024-10-20,,1405937,463103,248,Inspection,11,2,4,7,9,2,2,1,1
189,Project_189,2024-01-21,2024-11-08,,558600,229658,378,Planning,19,2,4,2,7,5,2,1,1
190,Project_190,2024-01-08,2024-12-12,,809915,25405,390,Planning,11,5,4,4,1,8,3,1,1
191,Project_191,2024-01-14,2024-10-23,,1185406,73324,378,Inspection,6,1,0,9,1,10,1,0,1
192,Project_192,2024-01-09,2024-08-24,,629935,178764,213,Planning,10,4,2,4,6,3,5,2,1
193,Project_193,2024-01-28,2024-12-29,,574411,323808,304,Construction,11,5,3,10,8,7,7,0,1
194,Project_194,2024-01-04,2024-12-05,,524704,227044,372,Construction,13,1,1,2,2,2,10,1,0
195,Project_195,2024-01-05,2024-09-08,,549798,164571,199,Construction,2,9,0,5,0,7,5,1,1
196,Project_196,2024-01-26,2024-07-04,,792797,442058,150,Construction,1,8,4,1,1,1,6,0,1
197,Project_197,2024-01-20,2024-12-23,,672130,64480,199,Planning,14,1,3,7,0,4,9,1,0
198,Project_198,2024-01-18,2024-11-07,,1228778,84999,293,Construction,3,2,2,2,1,7,9,2,1
199,Project_199,2024-01-29,2024-09-24,,656743,153492,321,Planning,13,3,1,3,1,4,6,1,1
200,Project_200,2024-01-11,2024-12-01,,690481,212822,245,Planning,18,5,1,4,7,6,7,1,0
201,Project_201,2024-01-22,2024-12-17,,1450478,431444,305,Inspection,4,3,1,10,0,4,8,0,1
202,Project_202,2024-01-29,2024-09-23,,582794,8625,205,Planning,5,9,2,2,1,5,6,0,1
203,Project_203,2024-01-14,2024-08-10,,1323850,101644,368,Planning,17,1,3,1,0,4,1,0,1
204,Project_204,2024-01-18,2024-11-05,,1160008,115294,195,Construction,18,1,4,2,7,7,2,0,1
205,Project_205,2024-01-21,2024-08-02,,1170348,195223,239,Construction,7,4,0,9,9,8,5,2,0
206,Project_206,2024-01-25,2024-10-27,,930220,449611,162,Inspection,10,4,2,4,9,10,9,1,1
207,Project_207,2024-01-23,2024-11-11,,716210,227514,232,Planning,9,9,0,2,0,8,7,1,0
208,Project_208,2024-01-02,2024-08-24,,938726,173725,172,Planning,4,9,2,7,0,1,9,0,0
209,Project_209,2024-01-22,2024-11-06,,1091996,472617,319,Planning,3,9,1,1,0,3,6,2,0
210,Project_210,2024-01-05,2024-12-01,,1475060,53289,216,Inspection,3,2,4,10,0,2,6,2,0
211,Project_211,2024-01-11,2024-09-01,,1201649,152341,220,Inspection,10,4,2,7,8,4,3,2,1
212,Project_212,2024-01-26,2024-07-25,,899405,25917,338,Construction,17,2,0,4,4,10,5,1,1
213,Project_213,2024-01-13,2024-09-05,,1190650,490920,264,Planning,10,7,2,1,0,2,2,1,0
214,Project_214,2024-01-26,2024-09-15,,659674,42307,289,Construction,6,2,0,10,4,3,3,1,1
215,Project_215,2024-01-06,2024-08-06,,901847,315302,285,Construction,14,9,0,1,7,3,4,0,0
216,Project_216,2024-01-03,2024-10-14,,1316495,461241,364,Construction,9,3,2,4,1,4,2,1,1
217,Project_217,2024-01-27,2024-10-28,,1072243,207282,217,Planning,4,6,4,3,5,4,5,1,1
218,Project_218,2024-01-22,2024-09-15,,936647,161267,173,Planning,5,3,1,5,3,7,6,0,1
219,Project_219,2024-01-25,2024-10-29,,573931,172964,235,Construction,19,3,2,8,3,2,9,0,0
220,Project_220,2024-01-24,2024-12-29,,1096084,444978,395,Inspection,8,3,4,6,0,2,5,0,0
221,Project_221,2024-01-24,2024-07-14,,1342286,93878,185,Planning,2,4,1,3,5,8,7,1,0
222,Project_222,2024-01-26,2024-08-29,,1098047,436446,152,Construction,14,10,1,3,3,8,3,1,0
223,Project_223,2024-01-17,2024-09-06,,1152124,48379,395,Inspection,16,4,2,2,8,7,8,0,1
224,Project_224,2024-01-27,2024-11-29,,917421,418566,214,Construction,11,1,1,6,1,10,6,2,1
225,Project_225,2024-01-25,2024-10-01,,910360,317713,361,Planning,6,3,2,10,7,9,7,1,1
226,Project_226,2024-01-21,2024-08-22,,1483785,8514,382,Inspection,19,4,3,4,1,4,9,0,0
227,Project_227,2024-01-16,2024-07-02,,1407900,382108,388,Planning,18,1,0,2,5,5,8,1,0
228,Project_228,2024-01-05,2024-12-09,,727175,450478,219,Construction,19,6,3,8,0,6,8,0,0
229,Project_229,2024-01-03,2024-10-21,,1287208,174848,251,Construction,19,3,3,8,3,5,10,1,1
230,Project_230,2024-01-23,2024-08-02,,928667,240704,236,Construction,4,9,0,4,0,2,10,2,1
231,Project_231,2024-01-18,2024-09-06,,962070,277780,344,Inspection,18,10,4,5,2,1,9,1,0
232,Project_232,2024-01-14,2024-10-01,,563387,140235,210,Planning,11,7,0,8,8,3,9,0,1
233,Project_233,2024-01-03,2024-06-30,,1321025,338723,341,Inspection,12,4,0,7,8,3,3,0,0
234,Project_234,2024-01-07,2024-09-29,,1465092,73034,216,Planning,6,7,2,1,1,5,5,2,0
235,Project_235,2024-01-19,2024-10-19,,1358363,329124,236,Inspection,14,2,0,1,5,5,4,0,0
236,Project_236,2024-01-18,2024-08-13,,629226,207473,375,Inspection,15,3,0,2,3,6,10,1,0
237,Project_237,2024-01-29,2024-10-28,,769059,478443,360,Construction,8,9,3,10,2,8,5,2,0
238,Project_238,2024-01-05,2024-08-30,,1480901,416809,269,Construction,4,8,1,2,6,4,1,1,1
239,Project_239,2024-01-24,2024-10-20,,1434635,295302,387,Inspection,12,10,4,6,8,8,10,2,1
240,Project_240,2024-01-09,2024-12-21,,864640,89334,217,Inspection,1,2,2,10,4,9,10,1,0
241,Project_241,2024-01-18,2024-12-01,,604274,219498,183,Planning,2,2,1,10,7,9,7,2,0
242,Project_242,2024-01-28,2024-07-23,,899492,305150,162,Construction,7,10,3,4,1,7,10,1,1
243,Project_243,2024-01-05,2024-09-24,,823793,445640,291,Construction,17,8,3,10,3,3,4,0,1
244,Project_244,2024-01-18,2024-08-05,,1261725,447826,294,Inspection,19,5,3,10,6,2,7,0,0
245,Project_245,2024-01-09,2024-12-19,,796395,331086,315,Inspection,19,4,2,1,7,2,2,2,0
246,Project_246,2024-01-15,2024-12-04,,640639,94825,308,Inspection,9,1,3,9,7,5,6,2,0
247,Project_247,2024-01-20,2024-11-22,,1394719,79798,205,Inspection,19,8,2,10,7,4,10,1,1
248,Project_248,2024-01-30,2024-08-15,,694391,167650,324,Inspection,16,7,0,4,6,3,5,0,0
249,Project_249,2024-01-12,2024-11-03,,676064,254576,247,Construction,13,3,1,4,6,4,3,1,0
250,Project_250,2024-01-26,2024-09-01,,914579,283597,252,Construction,16,1,3,10,2,9,10,1,0
251,Project_251,2024-01-27,2024-10-30,,1283579,423651,248,Planning,9,9,4,1,8,1,6,0,1
252,Project_252,2024-01-08,2024-10-23,,579451,483752,240,Construction,3,5,4,4,0,10,1,0,1
253,Project_253,2024-01-26,2024-10-27,,725902,34200,186,Planning,19,2,4,9,1,10,1,2,0
254,Project_254,2024-01-17,2024-08-22,,566347,216098,193,Construction,19,2,1,6,1,9,8,1,0
255,Project_255,2024-01-26,2024-12-17,,831107,497323,362,Inspection,10,8,1,1,9,9,5,1,1
256,Project_256,2024-01-05,2024-09-29,,1112016,144922,205,Inspection,7,1,4,2,6,2,3,2,1
257,Project_257,2024-01-13,2024-09-28,,1402813,364055,358,Inspection,14,3,0,9,5,5,10,2,1
258,Project_258,2024-01-23,2024-12-10,,658481,421292,309,Inspection,10,8,4,5,1,4,9,0,0
259,Project_259,2024-01-03,2024-08-11,,1333945,483412,154,Inspection,16,10,4,4,1,1,5,0,1
260,Project_260,2024-01-12,2024-09-15,,992933,367695,353,Planning,11,1,2,2,7,2,10,0,0
261,Project_261,2024-01-09,2024-11-22,,876577,366061,272,Inspection,13,3,2,7,9,3,6,2,0
262,Project_262,2024-01-15,2024-08-28,,796088,295762,334,Planning,7,1,3,9,0,9,7,2,0
263,Project_263,2024-01-03,2024-10-20,,1397207,314788,395,Inspection,9,2,4,6,7,8,9,0,1
264,Project_264,2024-01-26,2024-10-21,,1329207,478314,294,Inspection,13,7,4,1,1,2,6,0,1
265,Project_265,2024-01-06,2024-10-07,,1389501,175182,231,Construction,7,3,0,2,0,4,8,0,0
266,Project_266,2024-01-02,2024-07-05,,1407422,125225,351,Construction,15,2,2,3,6,8,5,1,0
267,Project_267,2024-01-21,2024-07-12,,500729,87582,244,Inspection,4,7,1,6,3,10,10,0,0
268,Project_268,2024-01-23,2024-07-10,,1099114,469602,202,Construction,9,2,1,10,7,1,10,0,0
269,Project_269,2024-01-04,2024-11-06,,1252066,396484,297,Inspection,4,3,1,8,3,1,6,0,0
270,Project_270,2024-01-29,2024-08-06,,605097,272873,318,Construction,17,1,2,1,2,9,8,0,1
271,Project_271,2024-01-06,2024-12-01,,1311926,118925,228,Inspection,17,7,3,7,0,9,6,0,1
272,Project_272,2024-01-25,2024-07-21,,1146783,432452,395,Planning,16,2,4,4,8,2,4,1,0
273,Project_273,2024-01-27,2024-11-04,,828971,210159,375,Construction,1,8,1,6,3,4,10,1,1
274,Project_274,2024-01-01,2024-07-01,,893497,325608,209,Construction,4,10,1,2,0,8,8,0,1
275,Project_275,2024-01-04,2024-09-03,,1193247,250629,323,Planning,19,8,3,10,6,8,6,0,1
276,Project_276,2024-01-14,2024-09-20,,537447,432000,271,Construction,2,10,4,2,3,9,6,1,1
277,Project_277,2024-01-23,2024-07-29,,806310,172935,216,Inspection,11,8,2,2,9,6,10,2,1
278,Project_278,2024-01-17,2024-12-08,,794244,114314,389,Construction,18,7,3,2,8,8,3,2,1
279,Project_279,2024-01-15,2024-09-23,,929359,30440,361,Inspection,14,10,4,10,4,4,2,0,0
280,Project_280,2024-01-13,2024-06-30,,806877,36005,384,Inspection,14,3,4,4,9,4,9,1,0
281,Project_281,2024-01-27,2024-10-22,,538142,272594,264,Planning,16,9,3,5,6,1,1,1,0
282,Project_282,2024-01-26,2024-12-25,,788248,219703,329,Inspection,8,8,4,4,0,2,1,0,0
283,Project_283,2024-01-16,2024-10-26,,1319337,233235,188,Planning,7,8,2,8,4,5,2,2,1
284,Project_284,2024-01-30,2024-09-12,,1070130,305215,351,Construction,18,10,3,3,5,7,9,1,0
285,Project_285,2024-01-02,2024-07-08,,726540,304446,184,Construction,1,8,0,4,9,3,2,0,1
286,Project_286,2024-01-20,2024-11-14,,574994,342991,161,Construction,1,10,4,10,0,1,3,0,1
287,Project_287,2024-01-14,2024-11-03,,1274850,27744,312,Construction,18,2,1,9,8,10,10,2,1
288,Project_288,2024-01-16,2024-09-14,,1180598,359722,153,Inspection,7,4,1,10,8,4,6,0,0
289,Project_289,2024-01-08,2024-09-23,,703506,317715,185,Planning,11,2,2,8,5,7,2,1,1
290,Project_290,2024-01-24,2024-11-03,,774838,225500,231,Inspection,10,5,1,2,7,8,2,1,1
291,Project_291,2024-01-29,2024-11-19,,737095,295882,248,Inspection,5,4,3,10,2,10,3,2,1
292,Project_292,2024-01-22,2024-11-04,,1086922,98860,196,Construction,2,1,1,4,7,7,3,0,0
293,Project_293,2024-01-18,2024-11-26,,571065,451994,185,Construction,12,7,3,8,0,7,7,0,1
294,Project_294,2024-01-20,2024-09-30,,1183744,240896,396,Inspection,10,3,4,9,4,10,9,1,1
295,Project_295,2024-01-12,2024-09-18,,650842,269179,331,Planning,11,2,1,7,0,4,1,1,0
296,Project_296,2024-01-13,2024-09-25,,1357618,16994,176,Construction,3,4,1,2,2,7,3,0,0
297,Project_297,2024-01-23,2024-10-19,,529034,496339,272,Planning,17,4,0,7,2,10,7,2,0
298,Project_298,2024-01-14,2024-11-20,,664940,45933,363,Construction,5,3,3,7,9,8,1,2,1
299,Project_299,2024-01-25,2024-10-29,,594939,195464,364,Planning,1,2,4,4,6,3,9,2,0
300,Project_300,2024-01-07,2024-11-22,,671960,457287,212,Construction,2,8,2,8,9,1,1,1,1
301,Project_301,2024-01-12,2024-10-22,,871695,333794,314,Planning,11,9,3,5,5,2,7,2,0
302,Project_302,2024-01-23,2024-09-03,,1340952,115998,194,Planning,19,3,3,10,3,5,4,2,0
303,Project_303,2024-01-07,2024-08-16,,695554,130133,307,Construction,5,5,3,10,7,7,8,1,0
304,Project_304,2024-01-15,2024-09-13,,720917,422628,237,Inspection,3,8,4,1,2,9,7,2,1
305,Project_305,2024-01-20,2024-09-23,,1075752,487579,304,Construction,7,9,3,10,5,6,10,1,0
306,Project_306,2024-01-24,2024-07-30,,963920,349781,263,Construction,5,9,1,4,7,3,4,0,1
307,Project_307,2024-01-19,2024-09-12,,974099,21377,220,Inspection,9,6,0,7,6,9,5,2,0
308,Project_308,2024-01-20,2024-12-14,,873569,180203,295,Construction,18,5,1,6,1,9,3,0,0
309,Project_309,2024-01-08,2024-12-09,,848071,216830,281,Construction,15,10,3,7,0,6,3,0,0
310,Project_310,2024-01-19,2024-09-22,,877504,238574,283,Construction,13,8,0,6,4,8,10,2,0
311,Project_311,2024-01-12,2024-07-01,,885452,460827,224,Planning,12,2,0,9,1,6,9,2,0
312,Project_312,2024-01-05,2024-10-07,,808299,225272,164,Planning,11,10,4,2,4,7,10,1,1
313,Project_313,2024-01-09,2024-09-28,,1036850,466317,299,Construction,7,8,2,3,5,3,10,0,0
314,Project_314,2024-01-01,2024-09-30,,649781,345332,221,Construction,10,7,1,8,0,6,1,1,1
315,Project_315,2024-01-25,2024-10-29,,1031080,314343,263,Construction,16,1,3,4,3,4,5,1,1
316,Project_316,2024-01-24,2024-10-29,,1162578,145818,236,Planning,17,2,4,5,7,8,10,2,1
317,Project_317,2024-01-16,2024-08-26,,718216,337643,202,Inspection,19,4,0,8,6,1,6,2,1
318,Project_318,2024-01-11,2024-07-18,,1184788,380781,244,Inspection,8,5,3,4,8,4,7,0,0
319,Project_319,2024-01-08,2024-08-07,,911189,370811,199,Inspection,14,8,4,9,9,7,8,1,1
320,Project_320,2024-01-12,2024-12-11,,755581,241611,354,Construction,19,9,3,8,7,10,3,2,1
321,Project_321,2024-01-05,2024-12-14,,604488,497363,331,Planning,12,3,3,3,0,3,2,0,1
322,Project_322,2024-01-11,2024-07-14,,1386651,115386,217,Inspection,4,7,3,8,5,5,2,1,0
323,Project_323,2024-01-12,2024-11-12,,613969,222905,356,Planning,13,10,4,1,4,1,9,1,0
324,Project_324,2024-01-09,2024-06-30,,696753,244116,233,Planning,18,1,1,4,2,3,8,1,0
325,Project_325,2024-01-13,2024-09-08,,586783,337951,229,Construction,9,9,1,3,2,4,6,2,0
326,Project_326,2024-01-09,2024-08-21,,1230334,105190,257,Construction,17,5,0,7,7,8,1,0,1
327,Project_327,2024-01-09,2024-08-07,,743144,80735,249,Inspection,19,9,4,9,7,5,10,1,0
328,Project_328,2024-01-21,2024-10-03,,1116479,485328,262,Construction,9,2,0,5,1,4,5,1,0
329,Project_329,2024-01-16,2024-12-16,,692730,450188,374,Construction,13,7,3,9,5,6,10,1,0
330,Project_330,2024-01-22,2024-11-03,,1062494,283425,302,Planning,14,7,2,6,7,2,4,2,0
331,Project_331,2024-01-20,2024-12-05,,583195,327852,217,Planning,10,9,3,7,4,8,3,2,1
332,Project_332,2024-01-13,2024-07-08,,884704,466906,328,Planning,3,6,0,3,8,1,10,1,1
333,Project_333,2024-01-06,2024-08-02,,581566,80733,264,Planning,3,8,3,8,6,6,9,1,1
334,Project_334,2024-01-09,2024-08-25,,890014,144295,328,Inspection,1,1,4,6,7,4,7,0,1
335,Project_335,2024-01-05,2024-11-07,,711918,45538,186,Construction,19,10,4,8,9,4,9,2,0
336,Project_336,2024-01-02,2024-08-17,,919612,486940,178,Planning,7,8,0,3,7,4,8,2,0
337,Project_337,2024-01-22,2024-09-04,,962050,321042,297,Construction,16,2,4,7,5,2,1,2,1
338,Project_338,2024-01-20,2024-07-25,,883434,382362,258,Planning,13,3,2,3,3,4,6,0,0
339,Project_339,2024-01-02,2024-10-05,,1025302,273369,194,Planning,18,2,3,7,7,4,5,0,0
340,Project_340,2024-01-06,2024-10-23,,1031321,234963,214,Construction,16,10,0,9,2,3,3,0,0
341,Project_341,2024-01-09,2024-10-26,,1350533,100992,218,Planning,18,2,1,7,1,4,10,2,0
342,Project_342,2024-01-02,2024-09-26,,1317709,468053,300,Planning,2,6,1,4,2,10,5,2,0
343,Project_343,2024-01-18,2024-09-10,,985928,112444,301,Construction,10,3,0,10,7,4,10,2,1
344,Project_344,2024-01-05,2024-09-12,,797310,147880,191,Inspection,4,1,4,3,2,10,10,1,0
345,Project_345,2024-01-26,2024-10-27,,1468077,413145,162,Construction,9,6,2,6,1,3,5,1,0
346,Project_346,2024-01-20,2024-11-15,,708272,70528,361,Planning,6,3,0,9,7,3,9,1,1
347,Project_347,2024-01-02,2024-07-23,,1054319,381890,380,Planning,9,2,1,1,9,1,10,0,1
348,Project_348,2024-01-10,2024-07-08,,1077493,322451,338,Inspection,17,4,1,8,3,9,1,2,1
349,Project_349,2024-01-24,2024-12-17,,571272,151228,212,Planning,17,10,0,10,4,6,9,0,0
350,Project_350,2024-01-13,2024-07-07,,503054,216149,181,Construction,18,1,0,7,7,9,10,1,1
351,Project_351,2024-01-05,2024-08-04,,625923,490649,298,Planning,10,7,0,8,9,8,7,0,1
352,Project_352,2024-01-10,2024-11-18,,734846,96988,308,Construction,19,5,2,3,1,6,9,0,0
353,Project_353,2024-01-17,2024-07-21,,1233377,56651,217,Construction,14,8,4,1,5,7,4,1,0
354,Project_354,2024-01-25,2024-08-09,,564670,63334,164,Planning,14,10,2,10,4,1,9,1,0
355,Project_355,2024-01-26,2024-08-07,,996184,95290,397,Planning,9,8,0,7,5,8,1,0,1
356,Project_356,2024-01-25,2024-08-12,,770163,7140,283,Inspection,14,4,2,9,5,8,6,1,1
357,Project_357,2024-01-01,2024-10-08,,1446509,434858,294,Inspection,11,8,1,2,6,2,6,0,0
358,Project_358,2024-01-21,2024-08-07,,1185202,392597,346,Construction,13,5,0,2,1,3,10,0,0
359,Project_359,2024-01-02,2024-09-16,,845030,198937,201,Planning,11,3,3,8,7,5,5,0,0
360,Project_360,2024-01-10,2024-07-31,,1323789,50689,233,Planning,16,3,0,5,0,6,6,0,1
361,Project_361,2024-01-25,2024-07-31,,937671,369456,360,Construction,2,10,3,9,0,10,4,0,1
362,Project_362,2024-01-08,2024-08-25,,515218,147798,150,Inspection,10,5,4,7,6,6,5,0,1
363,Project_363,2024-01-14,2024-07-21,,1120090,331065,193,Planning,5,5,2,3,3,4,8,0,0
364,Project_364,2024-01-02,2024-07-04,,609390,16240,251,Inspection,13,1,4,4,5,5,3,2,0
365,Project_365,2024-01-16,2024-10-13,,1281332,317603,261,Planning,19,10,2,6,0,3,4,0,1
366,Project_366,2024-01-19,2024-09-01,,1460513,100867,304,Planning,1,10,0,5,1,7,6,0,1
367,Project_367,2024-01-19,2024-10-31,,562822,235125,214,Inspection,4,7,0,3,6,2,10,0,1
368,Project_368,2024-01-27,2024-12-29,,672626,442383,345,Planning,17,6,0,3,1,8,6,2,1
369,Project_369,2024-01-07,2024-07-01,,543175,129779,315,Inspection,10,6,2,7,9,10,4,1,0
370,Project_370,2024-01-29,2024-11-03,,1317502,11947,272,Planning,8,6,1,7,6,8,7,2,0
371,Project_371,2024-01-18,2024-09-08,,724444,269918,281,Planning,16,9,0,4,0,7,4,1,0
372,Project_372,2024-01-09,2024-06-29,,1247067,343175,164,Inspection,18,9,3,9,8,6,10,1,0
373,Project_373,2024-01-12,2024-12-14,,936208,51221,386,Construction,16,10,0,4,9,8,5,1,0
374,Project_374,2024-01-29,2024-08-14,,1366281,312657,336,Inspection,15,6,4,3,9,2,3,1,0
375,Project_375,2024-01-26,2024-10-03,,682092,322201,160,Planning,5,7,0,2,4,5,5,2,1
376,Project_376,2024-01-02,2024-07-02,,803410,395501,237,Planning,16,4,0,4,3,3,4,1,1
377,Project_377,2024-01-09,2024-10-19,,574504,23671,197,Planning,3,4,2,8,8,10,10,2,1
378,Project_378,2024-01-12,2024-07-24,,1375653,299832,379,Inspection,12,6,0,8,2,5,3,0,1
379,Project_379,2024-01-15,2024-07-07,,1437016,182802,224,Planning,17,10,2,8,0,7,4,2,0
380,Project_380,2024-01-16,2024-12-18,,1063723,189776,318,Construction,10,1,1,5,1,4,4,1,0
381,Project_381,2024-01-12,2024-10-19,,799747,65761,274,Construction,8,4,3,10,4,9,2,1,0
382,Project_382,2024-01-21,2024-09-12,,730425,281885,190,Planning,1,3,1,10,0,1,2,2,0
383,Project_383,2024-01-05,2024-07-08,,1492466,114690,280,Planning,16,5,4,3,6,6,1,2,1
384,Project_384,2024-01-15,2024-11-20,,789823,367572,278,Construction,1,3,0,4,9,10,1,1,0
385,Project_385,2024-01-15,2024-08-30,,1423588,20709,249,Planning,17,8,2,6,6,6,1,1,1
386,Project_386,2024-01-16,2024-12-07,,825571,3857,253,Construction,15,1,2,9,0,7,5,0,0
387,Project_387,2024-01-15,2024-09-14,,501653,192924,370,Planning,10,1,1,2,5,2,2,1,0
388,Project_388,2024-01-25,2024-11-12,,1389071,99266,365,Construction,13,2,4,1,6,4,4,0,0
389,Project_389,2024-01-17,2024-11-25,,603349,286525,171,Planning,19,3,1,7,2,4,7,1,1
390,Project_390,2024-01-24,2024-07-28,,1327167,474310,151,Inspection,6,1,0,3,0,10,5,1,0
391,Project_391,2024-01-16,2024-09-15,,1187752,353518,178,Planning,16,10,2,2,8,7,3,0,1
392,Project_392,2024-01-12,2024-11-27,,1496256,328492,184,Construction,1,3,3,6,8,7,10,2,0
393,Project_393,2024-01-08,2024-07-27,,1426456,299728,358,Construction,18,6,1,4,7,10,3,0,1
394,Project_394,2024-01-08,2024-07-29,,1012836,50635,278,Construction,10,6,4,5,6,2,1,1,1
395,Project_395,2024-01-23,2024-12-15,,1418752,54111,174,Inspection,1,1,4,8,7,8,1,2,1
396,Project_396,2024-01-29,2024-12-05,,1059926,393898,172,Inspection,2,1,4,10,5,7,2,0,0
397,Project_397,2024-01-05,2024-11-13,,1478829,376198,211,Construction,17,6,0,1,7,7,10,1,1
398,Project_398,2024-01-16,2024-10-18,,1405055,179770,260,Construction,11,2,4,10,9,1,6,0,0
399,Project_399,2024-01-03,2024-08-03,,1010193,174915,399,Planning,11,10,2,7,8,8,1,1,0
400,Project_400,2024-01-06,2024-09-24,,912363,56242,156,Planning,19,4,0,3,2,3,10,0,0
401,Project_401,2024-01-09,2024-12-19,,612394,179969,344,Planning,8,4,0,8,2,1,4,0,1
402,Project_402,2024-01-15,2024-12-02,,756075,297503,253,Planning,11,2,4,1,9,1,1,2,1
403,Project_403,2024-01-28,2024-10-22,,674550,264687,394,Inspection,12,1,0,10,2,6,10,1,0
404,Project_404,2024-01-27,2024-11-30,,924632,32965,194,Planning,16,5,0,1,2,5,3,1,1
405,Project_405,2024-01-01,2024-12-03,,540987,470819,354,Construction,16,6,0,6,7,8,10,0,0
406,Project_406,2024-01-22,2024-10-26,,1401987,461362,239,Construction,13,4,1,9,8,4,2,1,1
407,Project_407,2024-01-22,2024-07-29,,1284564,7005,365,Construction,17,9,4,10,7,7,7,2,0
408,Project_408,2024-01-24,2024-07-14,,701958,181483,152,Construction,14,3,4,10,5,10,2,0,1
409,Project_409,2024-01-28,2024-06-30,,1244610,405194,362,Construction,9,3,2,9,4,9,6,2,0
410,Project_410,2024-01-23,2024-11-21,,712811,46767,267,Planning,2,4,0,8,8,3,6,0,0
411,Project_411,2024-01-02,2024-10-09,,1087083,204047,306,Inspection,1,10,0,4,5,8,1,1,1
412,Project_412,2024-01-26,2024-09-12,,710763,461564,306,Planning,16,8,1,7,1,6,4,2,1
413,Project_413,2024-01-15,2024-11-05,,982488,338410,373,Construction,8,3,3,2,7,2,10,1,0
414,Project_414,2024-01-15,2024-08-20,,772439,367540,201,Construction,5,8,3,6,6,9,6,2,1
415,Project_415,2024-01-28,2024-11-23,,1195106,74873,251,Planning,1,1,0,5,5,8,3,1,0
416,Project_416,2024-01-01,2024-11-29,,1262103,110245,356,Construction,17,5,2,5,3,9,4,2,1
417,Project_417,2024-01-17,2024-08-09,,987049,320264,211,Construction,14,9,4,2,6,6,8,0,0
418,Project_418,2024-01-27,2024-12-20,,1173524,407905,216,Planning,19,1,2,3,2,5,5,1,1
419,Project_419,2024-01-14,2024-09-03,,1050941,326041,359,Inspection,7,8,3,8,1,7,6,0,0
420,Project_420,2024-01-22,2024-08-18,,548685,8381,330,Construction,8,8,2,7,5,1,2,0,1
421,Project_421,2024-01-18,2024-09-30,,872826,487448,394,Inspection,14,4,1,5,2,1,6,0,0
422,Project_422,2024-01-10,2024-12-21,,1073082,328323,366,Construction,12,4,1,5,9,9,3,1,1
423,Project_423,2024-01-16,2024-12-15,,1209655,306658,250,Planning,11,8,2,1,5,7,5,0,1
424,Project_424,2024-01-26,2024-10-31,,1447441,75939,289,Inspection,5,4,0,1,4,4,2,0,1
425,Project_425,2024-01-01,2024-08-19,,652393,349143,336,Construction,18,6,1,7,3,5,5,0,0
426,Project_426,2024-01-10,2024-09-23,,1231535,203587,385,Construction,8,10,3,10,1,7,8,0,1
427,Project_427,2024-01-15,2024-12-01,,827184,13046,385,Inspection,7,7,4,6,1,9,6,1,1
428,Project_428,2024-01-29,2024-09-29,,638667,319830,150,Planning,7,2,1,3,7,8,7,2,0
429,Project_429,2024-01-04,2024-10-06,,615492,306499,240,Construction,9,2,4,9,6,4,10,2,0
430,Project_430,2024-01-01,2024-11-28,,730330,72222,251,Planning,8,7,1,5,9,1,8,2,0
431,Project_431,2024-01-14,2024-12-25,,1208858,28442,267,Construction,19,1,2,3,5,3,10,2,0
432,Project_432,2024-01-24,2024-08-31,,1429562,63482,293,Construction,19,7,3,4,5,5,1,1,1
433,Project_433,2024-01-08,2024-11-11,,1033668,416250,159,Construction,11,5,1,8,0,9,9,1,1
434,Project_434,2024-01-04,2024-12-20,,785116,443317,217,Planning,19,5,2,5,3,8,8,2,1
435,Project_435,2024-01-02,2024-07-10,,612839,179994,348,Inspection,19,6,4,1,7,1,8,1,1
436,Project_436,2024-01-23,2024-07-12,,532599,6735,150,Planning,19,5,2,4,5,9,5,1,0
437,Project_437,2024-01-05,2024-12-19,,1076388,111064,391,Planning,10,8,2,2,5,4,3,2,0
438,Project_438,2024-01-10,2024-11-23,,682342,477567,261,Inspection,13,4,2,10,6,3,5,0,1
439,Project_439,2024-01-25,2024-07-11,,1488922,27340,296,Construction,8,7,2,1,1,5,7,1,1
440,Project_440,2024-01-07,2024-09-19,,689944,454632,284,Planning,1,9,4,7,7,7,3,2,1
441,Project_441,2024-01-26,2024-12-11,,933942,407324,356,Construction,3,1,3,8,5,1,5,2,0
442,Project_442,2024-01-02,2024-10-25,,1185148,372151,365,Construction,3,2,4,6,5,4,3,2,1
443,Project_443,2024-01-07,2024-10-23,,1467727,311518,390,Inspection,3,1,2,9,1,4,8,0,1
444,Project_444,2024-01-24,2024-07-15,,572784,209274,327,Planning,1,4,3,5,3,5,7,0,0
445,Project_445,2024-01-13,2024-10-30,,608454,422178,328,Inspection,4,6,0,2,2,9,8,2,0
446,Project_446,2024-01-20,2024-11-25,,1065346,168393,190,Inspection,7,4,3,10,7,9,4,1,1
447,Project_447,2024-01-13,2024-12-02,,1200345,435837,217,Inspection,13,3,2,8,5,4,6,1,0
448,Project_448,2024-01-11,2024-07-12,,1289381,367975,392,Inspection,13,5,3,8,2,5,3,0,1
449,Project_449,2024-01-15,2024-08-19,,1168067,83345,212,Construction,12,2,4,4,1,2,5,2,1
450,Project_450,2024-01-21,2024-09-25,,831180,282506,214,Construction,10,2,4,7,3,1,9,1,1
451,Project_451,2024-01-27,2024-08-16,,1088397,304202,273,Construction,11,3,1,6,5,3,1,0,1
452,Project_452,2024-01-18,2024-12-16,,963277,232099,161,Construction,13,1,4,1,2,8,6,1,0
453,Project_453,2024-01-15,2024-08-20,,1121613,403418,175,Inspection,15,5,1,4,4,3,10,1,1
454,Project_454,2024-01-13,2024-09-10,,1404363,89472,334,Planning,5,9,3,1,7,1,3,2,1
455,Project_455,2024-01-25,2024-11-05,,971448,198040,211,Planning,16,6,0,9,0,5,8,1,1
456,Project_456,2024-01-07,2024-09-14,,857662,25399,173,Planning,5,4,3,4,2,3,8,0,0
457,Project_457,2024-01-17,2024-12-01,,933601,95602,164,Construction,15,9,1,3,7,5,10,0,1
458,Project_458,2024-01-22,2024-08-22,,812360,100039,163,Inspection,12,8,1,8,6,2,7,2,1
459,Project_459,2024-01-20,2024-12-24,,1054366,486444,198,Construction,17,9,0,1,7,1,6,0,1
460,Project_460,2024-01-02,2024-08-01,,683536,415588,285,Inspection,16,2,0,4,9,5,10,0,0
461,Project_461,2024-01-08,2024-09-21,,1352851,326601,225,Planning,11,10,4,7,4,9,4,1,0
462,Project_462,2024-01-11,2024-09-17,,907199,119994,232,Construction,13,10,2,9,8,6,3,1,0
463,Project_463,2024-01-19,2024-09-01,,852417,274580,154,Construction,7,8,4,4,6,8,6,2,1
464,Project_464,2024-01-16,2024-08-19,,1235418,36034,239,Construction,8,9,4,6,3,4,10,2,0
465,Project_465,2024-01-21,2024-10-10,,1139820,176410,246,Inspection,4,9,2,10,1,3,5,1,1
466,Project_466,2024-01-05,2024-08-09,,1382107,442727,344,Planning,11,6,4,10,4,7,8,2,0
467,Project_467,2024-01-14,2024-12-08,,1271492,1804,216,Inspection,13,5,4,2,1,8,10,2,1
468,Project_468,2024-01-05,2024-10-13,,1314327,471088,227,Inspection,7,1,2,1,0,10,9,1,0
469,Project_469,2024-01-23,2024-07-01,,845039,13900,332,Construction,5,9,0,10,9,2,6,0,1
470,Project_470,2024-01-17,2024-11-12,,1186270,100680,293,Construction,4,9,0,6,5,5,8,0,0
471,Project_471,2024-01-12,2024-07-28,,1352082,274920,254,Planning,2,10,4,5,7,6,5,2,0
472,Project_472,2024-01-23,2024-12-12,,570192,151785,248,Construction,19,5,3,6,0,5,3,0,0
473,Project_473,2024-01-21,2024-11-25,,921312,222053,174,Construction,8,8,2,7,0,9,5,2,0
474,Project_474,2024-01-06,2024-10-12,,1354620,168773,210,Construction,15,5,0,1,6,4,9,1,1
475,Project_475,2024-01-24,2024-12-27,,1237697,347101,239,Planning,18,10,4,7,1,2,2,2,0
476,Project_476,2024-01-23,2024-09-09,,1199569,470479,325,Planning,19,10,1,7,0,7,5,1,0
477,Project_477,2024-01-03,2024-08-16,,1080788,434570,189,Planning,13,1,0,9,1,6,7,0,1
478,Project_478,2024-01-13,2024-07-19,,533383,251791,247,Construction,11,4,1,8,7,7,4,2,1
479,Project_479,2024-01-07,2024-06-30,,798941,392735,308,Planning,11,10,2,1,7,3,3,1,0
480,Project_480,2024-01-26,2024-08-03,,537360,16876,230,Planning,8,2,3,2,1,7,2,2,0
481,Project_481,2024-01-23,2024-12-15,,1145789,392970,300,Construction,8,6,1,7,3,10,1,1,0
482,Project_482,2024-01-20,2024-09-06,,1460169,29987,344,Construction,13,1,0,4,6,2,4,1,0
483,Project_483,2024-01-24,2024-10-30,,754850,11449,275,Planning,11,6,1,6,4,2,7,2,1
484,Project_484,2024-01-30,2024-08-27,,923482,268656,302,Construction,1,2,0,10,3,1,5,1,0
485,Project_485,2024-01-30,2024-12-16,,1203723,438354,246,Construction,12,7,3,1,3,7,1,2,0
486,Project_486,2024-01-02,2024-12-24,,642256,301812,162,Planning,19,5,0,8,4,6,10,1,1
487,Project_487,2024-01-09,2024-12-20,,1254431,130670,155,Construction,1,6,0,7,7,8,7,0,0
488,Project_488,2024-01-07,2024-09-19,,693809,202651,252,Construction,10,8,3,6,4,7,3,2,1
489,Project_489,2024-01-23,2024-07-31,,1195376,111947,302,Construction,12,5,3,4,5,4,10,0,1
490,Project_490,2024-01-10,2024-12-13,,862676,468805,197,Planning,12,2,3,7,4,2,6,1,1
491,Project_491,2024-01-12,2024-10-19,,1403616,468568,262,Construction,19,10,2,4,6,2,4,1,0
492,Project_492,2024-01-25,2024-10-10,,502295,152940,338,Inspection,14,10,2,6,5,4,3,0,0
493,Project_493,2024-01-27,2024-12-01,,1273099,290062,385,Planning,4,10,2,9,1,1,1,1,0
494,Project_494,2024-01-22,2024-08-06,,1330648,211101,213,Construction,15,6,4,4,6,10,5,0,0
495,Project_495,2024-01-28,2024-12-28,,993700,15124,190,Construction,14,6,2,5,5,2,3,2,0
496,Project_496,2024-01-26,2024-07-26,,1491372,402826,328,Planning,3,1,1,9,3,4,1,2,0
497,Project_497,2024-01-30,2024-10-09,,651563,494893,245,Inspection,4,9,2,4,3,2,5,2,0
498,Project_498,2024-01-03,2024-07-13,,1231067,104264,365,Construction,1,8,2,4,2,3,8,1,0
499,Project_499,2024-01-21,2024-10-14,,1257159,270673,266,Construction,10,7,1,2,1,2,10,1,1
500,Project_500,2024-01-03,2024-09-17,,537071,390018,337,Planning,6,2,1,5,9,9,3,0,1
501,Project_501,2024-01-20,2024-07-06,,879779,496081,192,Construction,12,6,0,9,7,6,9,1,0
502,Project_502,2024-01-18,2024-11-12,,971266,16925,336,Inspection,4,6,2,6,9,7,1,2,1
503,Project_503,2024-01-20,2024-09-04,,985283,450750,197,Planning,10,2,2,5,1,2,8,0,1
504,Project_504,2024-01-26,2024-08-05,,1401371,402343,287,Inspection,14,1,2,4,6,3,4,1,1
505,Project_505,2024-01-11,2024-08-22,,1466232,145773,239,Inspection,17,8,1,5,8,7,10,0,0
506,Project_506,2024-01-21,2024-07-09,,1038950,172412,345,Inspection,10,7,2,10,5,2,1,2,0
507,Project_507,2024-01-17,2024-11-12,,926770,312254,332,Inspection,13,1,0,1,1,4,10,1,1
508,Project_508,2024-01-21,2024-08-12,,597602,410609,317,Construction,10,5,2,3,5,8,5,2,0
509,Project_509,2024-01-13,2024-07-26,,919098,28620,232,Planning,18,1,0,9,5,9,3,2,0
510,Project_510,2024-01-03,2024-12-14,,1364246,295420,358,Inspection,15,3,3,8,4,9,9,2,0
511,Project_511,2024-01-26,2024-10-01,,1233406,432892,337,Construction,11,1,3,6,5,4,6,2,1
512,Project_512,2024-01-04,2024-10-08,,511275,95437,150,Planning,4,8,3,10,3,1,9,0,0
513,Project_513,2024-01-19,2024-08-28,,534736,189831,210,Construction,15,3,0,6,9,10,2,0,0
514,Project_514,2024-01-13,2024-07-11,,1057798,130512,286,Inspection,4,1,1,6,7,9,5,1,1
515,Project_515,2024-01-25,2024-08-22,,1143757,453082,190,Inspection,6,5,0,10,9,10,10,0,1
516,Project_516,2024-01-17,2024-08-17,,636320,76900,288,Planning,1,4,4,3,7,5,3,0,0
517,Project_517,2024-01-01,2024-11-16,,705385,203288,379,Inspection,11,2,1,10,0,10,6,2,0
518,Project_518,2024-01-15,2024-09-02,,645552,464960,164,Planning,13,9,4,9,0,5,8,2,1
519,Project_519,2024-01-22,2024-07-16,,596061,70871,246,Inspection,8,7,0,4,3,4,5,1,1
520,Project_520,2024-01-07,2024-11-09,,1174278,201417,171,Inspection,5,7,4,8,1,10,7,1,1
521,Project_521,2024-01-28,2024-07-29,,1483134,435811,243,Inspection,17,8,3,8,0,1,7,2,0
522,Project_522,2024-01-30,2024-12-05,,698511,34081,162,Planning,11,10,1,8,2,2,10,2,0
523,Project_523,2024-01-30,2024-12-24,,1142731,410727,367,Construction,5,6,1,6,8,10,7,1,0
524,Project_524,2024-01-06,2024-10-24,,821026,290065,193,Inspection,8,4,0,4,3,2,10,1,0
525,Project_525,2024-01-09,2024-10-17,,975654,489225,328,Construction,6,4,0,8,0,3,9,1,0
526,Project_526,2024-01-10,2024-08-05,,930397,85201,337,Construction,6,10,0,5,8,2,7,0,0
527,Project_527,2024-01-20,2024-08-23,,744026,178444,298,Construction,1,2,3,8,6,5,4,0,1
528,Project_528,2024-01-22,2024-12-16,,877314,79005,172,Planning,2,9,1,1,4,6,8,1,0
529,Project_529,2024-01-26,2024-11-14,,1322570,52012,286,Inspection,18,8,4,7,0,1,3,0,1
530,Project_530,2024-01-25,2024-07-24,,655017,87490,248,Inspection,16,6,2,2,5,7,4,0,0
531,Project_531,2024-01-02,2024-08-19,,1153870,274199,267,Construction,1,9,1,7,1,6,1,2,1
532,Project_532,2024-01-07,2024-11-14,,1458204,460577,153,Inspection,9,1,1,1,8,4,5,0,0
533,Project_533,2024-01-24,2024-10-15,,622663,488455,185,Inspection,17,8,1,4,5,3,8,0,0
534,Project_534,2024-01-29,2024-07-24,,1094686,160503,343,Inspection,4,7,2,2,8,10,10,1,1
535,Project_535,2024-01-15,2024-10-02,,753415,49755,230,Inspection,11,1,3,7,8,5,6,1,1
536,Project_536,2024-01-14,2024-11-03,,709431,332734,160,Inspection,6,2,1,9,7,8,2,1,1
537,Project_537,2024-01-04,2024-07-21,,550217,414745,227,Construction,15,4,2,5,7,1,4,0,1
538,Project_538,2024-01-24,2024-11-01,,1047621,281852,332,Construction,14,5,4,9,5,9,4,2,0
539,Project_539,2024-01-11,2024-07-21,,1117415,354645,151,Inspection,15,8,0,7,8,10,4,0,0
540,Project_540,2024-01-08,2024-12-05,,539387,379788,196,Construction,8,9,0,3,4,7,3,2,1
541,Project_541,2024-01-18,2024-11-05,,1439774,340591,381,Planning,4,10,1,8,6,8,4,1,1
542,Project_542,2024-01-11,2024-11-07,,636009,463954,156,Planning,9,5,0,4,2,4,10,2,0
543,Project_543,2024-01-28,2024-12-11,,927578,74621,254,Construction,7,7,4,7,2,1,3,2,1
544,Project_544,2024-01-23,2024-07-25,,1143643,321573,350,Construction,19,3,3,9,5,5,3,2,1
545,Project_545,2024-01-26,2024-07-28,,522051,74908,188,Construction,16,1,0,7,1,2,8,1,0
546,Project_546,2024-01-21,2024-08-11,,1392708,297089,152,Construction,14,5,0,3,8,5,3,1,0
547,Project_547,2024-01-04,2024-08-10,,709447,498024,208,Planning,13,6,0,6,2,4,10,2,1
548,Project_548,2024-01-13,2024-12-05,,626981,61740,171,Inspection,15,9,3,3,3,2,3,0,0
549,Project_549,2024-01-15,2024-12-16,,787881,182451,240,Construction,17,8,0,9,4,5,4,1,1
550,Project_550,2024-01-22,2024-12-04,,508532,2971,159,Inspection,17,9,4,6,7,6,7,1,0
551,Project_551,2024-01-20,2024-08-28,,784937,15824,335,Construction,18,9,1,4,9,6,2,1,1
552,Project_552,2024-01-25,2024-07-23,,799135,373016,343,Planning,19,7,2,3,7,5,5,1,1
553,Project_553,2024-01-20,2024-08-02,,1044242,348096,297,Planning,3,3,1,7,3,1,2,1,1
554,Project_554,2024-01-01,2024-08-29,,743864,267814,154,Construction,8,5,2,8,0,4,3,2,1
555,Project_555,2024-01-04,2024-11-11,,1443660,335199,325,Planning,2,2,4,3,4,3,5,1,0
556,Project_556,2024-01-01,2024-08-20,,1472921,82035,176,Construction,8,7,3,4,6,8,7,0,0
557,Project_557,2024-01-04,2024-08-27,,1134257,172006,387,Inspection,10,7,4,8,0,2,10,2,0
558,Project_558,2024-01-07,2024-10-09,,1065157,472774,344,Construction,15,6,3,2,0,6,8,0,1
559,Project_559,2024-01-16,2024-08-27,,1019863,219944,184,Planning,9,6,4,4,1,5,10,2,1
560,Project_560,2024-01-05,2024-09-23,,577014,117975,344,Inspection,14,7,2,10,1,8,5,2,0
561,Project_561,2024-01-02,2024-11-24,,1344362,443344,241,Planning,5,9,2,6,5,6,5,1,1
562,Project_562,2024-01-27,2024-07-05,,507640,230593,170,Planning,2,6,3,8,1,5,9,2,0
563,Project_563,2024-01-05,2024-12-16,,1384868,451773,270,Construction,8,6,4,5,5,2,7,0,1
564,Project_564,2024-01-21,2024-07-20,,823907,432178,355,Planning,3,1,0,6,8,6,1,0,0
565,Project_565,2024-01-25,2024-10-11,,1497528,322102,178,Inspection,11,9,3,7,5,10,10,0,0
566,Project_566,2024-01-20,2024-07-16,,641037,455770,299,Planning,14,3,4,3,7,2,1,2,1
567,Project_567,2024-01-03,2024-07-10,,990704,324103,379,Planning,3,5,2,9,2,2,3,1,0
568,Project_568,2024-01-05,2024-09-07,,1475211,156114,390,Construction,6,9,2,2,3,1,6,1,1
569,Project_569,2024-01-13,2024-11-06,,1087037,270781,394,Construction,4,7,4,7,5,3,3,2,1
570,Project_570,2024-01-29,2024-12-06,,1337995,162176,205,Inspection,15,8,4,10,7,8,1,0,0
571,Project_571,2024-01-13,2024-09-24,,870348,189651,211,Inspection,15,3,2,5,2,10,4,0,0
572,Project_572,2024-01-11,2024-07-17,,1038129,401349,339,Construction,15,8,4,5,7,7,5,0,0
573,Project_573,2024-01-19,2024-12-28,,562862,131011,198,Inspection,13,10,2,9,2,3,9,0,1
574,Project_574,2024-01-16,2024-12-03,,584016,360521,344,Planning,19,8,2,8,4,6,3,1,1
575,Project_575,2024-01-10,2024-11-25,,888810,479346,264,Planning,17,3,3,3,9,6,1,1,0
576,Project_576,2024-01-16,2024-08-20,,1449969,113290,153,Planning,9,3,0,1,5,8,9,2,1
577,Project_577,2024-01-16,2024-10-08,,944849,253897,358,Construction,15,1,3,7,6,10,5,1,1
578,Project_578,2024-01-07,2024-12-04,,964921,57283,327,Construction,17,1,1,6,6,8,7,0,0
579,Project_579,2024-01-04,2024-08-30,,845383,408279,191,Construction,18,1,1,5,0,8,10,1,1
580,Project_580,2024-01-30,2024-07-09,,1113243,402884,188,Construction,15,2,3,5,1,4,5,2,0
581,Project_581,2024-01-08,2024-07-18,,546356,101722,233,Inspection,3,2,0,2,8,4,7,2,0
582,Project_582,2024-01-12,2024-10-26,,1413532,181699,229,Planning,10,10,2,2,0,1,2,2,1
583,Project_583,2024-01-30,2024-11-25,,1014111,308930,205,Planning,4,8,3,3,4,5,3,1,1
584,Project_584,2024-01-09,2024-12-01,,1190690,152348,381,Construction,2,9,4,10,6,4,3,1,1
585,Project_585,2024-01-09,2024-12-11,,1134838,392483,189,Construction,14,1,3,6,8,2,3,1,1
586,Project_586,2024-01-14,2024-10-14,,772233,402482,274,Construction,7,10,1,9,9,9,1,1,0
587,Project_587,2024-01-12,2024-09-06,,945250,77509,374,Inspection,4,4,0,3,8,1,9,2,1
588,Project_588,2024-01-06,2024-09-28,,744220,445753,246,Inspection,4,6,3,9,4,8,9,2,1
589,Project_589,2024-01-09,2024-07-27,,583778,229438,245,Planning,4,9,0,9,8,5,4,1,0
590,Project_590,2024-01-30,2024-11-29,,999410,210103,255,Planning,6,1,4,3,0,6,2,0,1
591,Project_591,2024-01-16,2024-08-01,,643725,242495,381,Inspection,19,5,0,8,1,6,5,2,1
592,Project_592,2024-01-10,2024-08-27,,692186,403846,159,Inspection,11,10,2,8,4,8,6,1,0
593,Project_593,2024-01-05,2024-10-20,,1381083,326072,211,Construction,15,9,4,9,2,1,3,0,0
594,Project_594,2024-01-25,2024-08-07,,553043,419593,303,Planning,15,6,3,1,8,5,4,1,1
595,Project_595,2024-01-02,2024-09-13,,1468982,374599,257,Planning,14,3,4,9,2,8,4,0,0
596,Project_596,2024-01-25,2024-12-25,,824770,144795,283,Inspection,4,5,1,6,7,5,9,1,1
597,Project_597,2024-01-05,2024-11-28,,1374943,188105,288,Inspection,4,8,2,3,3,7,4,0,0
598,Project_598,2024-01-28,2024-06-30,,587884,131290,215,Planning,4,3,1,8,3,1,10,0,1
599,Project_599,2024-01-06,2024-10-23,,887646,413897,200,Planning,11,5,2,4,8,1,6,1,1
600,Project_600,2024-01-02,2024-11-05,,1186668,244401,352,Construction,6,6,2,7,5,10,2,0,0
601,Project_601,2024-01-05,2024-11-29,,562977,360291,243,Construction,12,2,4,1,7,3,7,2,1
602,Project_602,2024-01-09,2024-11-19,,1471898,154336,231,Construction,9,6,3,7,2,9,7,0,0
603,Project_603,2024-01-17,2024-10-18,,1399718,178000,340,Construction,11,8,1,8,3,7,7,1,1
604,Project_604,2024-01-01,2024-09-15,,1282896,53859,232,Inspection,8,3,2,4,8,5,4,2,1
605,Project_605,2024-01-23,2024-07-07,,1299497,454997,337,Inspection,11,6,4,10,2,1,2,0,0
606,Project_606,2024-01-27,2024-08-06,,1102135,278240,377,Construction,17,4,0,1,6,9,9,0,1
607,Project_607,2024-01-28,2024-07-30,,1467725,268059,189,Planning,19,10,0,4,1,4,2,1,1
608,Project_608,2024-01-08,2024-10-29,,1261679,280156,221,Construction,14,2,4,4,0,8,8,2,0
609,Project_609,2024-01-24,2024-09-02,,1243980,364573,245,Inspection,9,5,2,8,6,3,5,0,1
610,Project_610,2024-01-18,2024-07-19,,973758,51838,348,Inspection,8,10,1,5,7,8,3,0,0
611,Project_611,2024-01-05,2024-07-29,,1295674,231034,251,Planning,19,10,2,6,4,7,5,1,0
612,Project_612,2024-01-24,2024-11-20,,1159791,491110,244,Planning,1,8,1,2,6,4,9,0,1
613,Project_613,2024-01-15,2024-11-29,,1462972,79771,380,Construction,14,1,2,2,0,6,2,0,1
614,Project_614,2024-01-20,2024-11-22,,1423746,167011,206,Planning,6,9,2,8,1,10,2,1,1
615,Project_615,2024-01-04,2024-08-02,,564204,431713,318,Inspection,19,8,2,4,9,7,8,2,0
616,Project_616,2024-01-13,2024-08-18,,1392392,91313,349,Planning,1,9,0,9,6,7,3,2,0
617,Project_617,2024-01-09,2024-11-15,,1461728,172782,243,Planning,13,1,1,2,0,10,3,0,1
618,Project_618,2024-01-26,2024-09-29,,510465,387361,225,Construction,11,6,4,2,2,9,1,0,1
619,Project_619,2024-01-03,2024-10-13,,948821,111522,372,Planning,10,6,3,7,9,8,7,1,1
620,Project_620,2024-01-17,2024-08-08,,500331,251936,371,Inspection,7,7,2,7,0,1,5,2,0
621,Project_621,2024-01-16,2024-10-07,,544339,495775,164,Planning,18,6,2,9,6,2,1,2,1
622,Project_622,2024-01-18,2024-11-22,,1372082,389413,259,Inspection,5,4,0,4,4,8,3,1,0
623,Project_623,2024-01-28,2024-08-01,,1207673,204497,218,Planning,10,6,3,5,4,3,2,2,1
624,Project_624,2024-01-11,2024-10-17,,917620,265013,205,Planning,6,7,2,9,1,9,9,1,1
625,Project_625,2024-01-01,2024-09-27,,577629,238766,158,Planning,1,3,0,6,3,9,1,2,1
626,Project_626,2024-01-07,2024-09-19,,1064042,496658,177,Construction,10,9,4,5,6,1,1,1,1
627,Project_627,2024-01-14,2024-08-13,,998438,489291,372,Construction,11,4,1,3,8,1,8,1,1
628,Project_628,2024-01-20,2024-09-20,,778047,332850,364,Construction,15,9,0,10,8,2,8,0,0
629,Project_629,2024-01-13,2024-11-15,,1442577,499126,266,Planning,17,5,1,2,8,5,9,1,0
630,Project_630,2024-01-23,2024-11-17,,1471375,190173,246,Construction,8,7,0,5,5,2,9,1,0
631,Project_631,2024-01-22,2024-11-06,,551449,322178,210,Construction,7,3,1,3,2,1,8,1,0
632,Project_632,2024-01-09,2024-07-31,,1277412,200172,374,Inspection,10,7,0,7,5,5,2,2,0
633,Project_633,2024-01-02,2024-09-26,,887861,259338,362,Inspection,10,8,3,1,8,9,8,0,0
634,Project_634,2024-01-21,2024-07-03,,659659,130353,334,Planning,5,5,4,4,8,9,9,2,0
635,Project_635,2024-01-04,2024-11-26,,774726,300942,375,Construction,1,1,0,4,5,6,6,2,0
636,Project_636,2024-01-23,2024-07-13,,730690,132465,199,Construction,11,2,3,5,1,6,9,0,0
637,Project_637,2024-01-12,2024-07-23,,628474,336826,303,Inspection,2,2,0,4,5,2,6,2,1
638,Project_638,2024-01-12,2024-08-12,,1221492,30858,189,Planning,17,3,0,5,0,7,1,2,1
639,Project_639,2024-01-08,2024-12-04,,1154925,114823,312,Planning,19,4,4,1,2,8,6,1,0
640,Project_640,2024-01-19,2024-12-10,,598159,61024,225,Planning,2,5,2,6,2,10,6,0,1
641,Project_641,2024-01-01,2024-09-02,,1493891,36767,224,Planning,16,7,1,1,9,10,6,2,0
642,Project_642,2024-01-13,2024-11-17,,770349,288464,368,Inspection,6,5,4,8,9,3,9,2,1
643,Project_643,2024-01-27,2024-08-29,,1478731,90393,340,Construction,14,9,2,5,3,7,8,2,1
644,Project_644,2024-01-11,2024-07-24,,651207,361221,168,Construction,8,9,0,1,9,4,6,2,1
645,Project_645,2024-01-14,2024-12-23,,1412749,299563,228,Planning,19,4,1,5,1,8,3,2,1
646,Project_646,2024-01-18,2024-07-01,,1366505,24383,239,Construction,15,8,4,9,1,5,2,1,1
647,Project_647,2024-01-26,2024-08-28,,1117959,191675,238,Inspection,2,3,1,4,6,2,8,0,1
648,Project_648,2024-01-05,2024-10-30,,1077605,43108,393,Planning,11,9,3,9,0,9,6,2,1
649,Project_649,2024-01-01,2024-07-17,,732800,48671,275,Planning,19,1,3,4,9,4,7,1,0
650,Project_650,2024-01-09,2024-09-05,,1043873,314164,314,Planning,6,9,2,4,1,9,5,0,1
651,Project_651,2024-01-13,2024-10-25,,1367891,109813,299,Planning,11,2,4,9,9,2,1,0,0
652,Project_652,2024-01-14,2024-10-08,,1174120,77168,168,Planning,12,4,1,10,5,7,8,2,0
653,Project_653,2024-01-06,2024-10-03,,1029271,226237,157,Construction,1,5,2,10,4,10,2,2,1
654,Project_654,2024-01-30,2024-09-30,,1287624,489185,304,Construction,5,9,4,7,1,3,2,2,0
655,Project_655,2024-01-23,2024-07-30,,1315661,194980,206,Inspection,1,5,3,10,1,10,8,2,0
656,Project_656,2024-01-17,2024-12-16,,1328531,329789,275,Planning,16,5,2,8,3,2,8,0,1
657,Project_657,2024-01-08,2024-08-28,,550583,408905,237,Planning,19,4,3,3,2,1,5,2,1
658,Project_658,2024-01-20,2024-08-06,,663025,111350,293,Planning,9,7,2,6,0,10,5,2,0
659,Project_659,2024-01-01,2024-08-03,,723602,284475,254,Construction,11,4,2,3,8,4,8,2,1
660,Project_660,2024-01-24,2024-12-06,,563811,376454,186,Inspection,16,6,4,1,0,1,2,2,0
661,Project_661,2024-01-07,2024-11-27,,894353,24079,216,Construction,18,4,4,10,0,7,7,2,1
662,Project_662,2024-01-05,2024-08-15,,1102632,365455,373,Inspection,15,6,0,1,0,6,1,0,1
663,Project_663,2024-01-01,2024-12-21,,1225879,114158,203,Planning,4,10,2,7,7,2,10,2,1
664,Project_664,2024-01-13,2024-12-01,,588702,269380,283,Planning,3,3,3,4,1,3,10,1,1
665,Project_665,2024-01-10,2024-08-03,,866361,109041,300,Construction,4,5,2,3,3,7,3,2,1
666,Project_666,2024-01-02,2024-09-23,,859819,300984,180,Construction,10,2,0,8,7,1,6,1,1
667,Project_667,2024-01-20,2024-08-12,,802269,418230,377,Construction,6,10,1,8,5,9,9,1,0
668,Project_668,2024-01-03,2024-09-28,,942517,268463,279,Planning,9,7,3,7,6,3,7,1,0
669,Project_669,2024-01-08,2024-07-30,,925125,270393,310,Inspection,19,10,3,6,0,3,8,0,1
670,Project_670,2024-01-01,2024-08-30,,1493118,365148,259,Planning,15,4,3,10,1,8,4,0,1
671,Project_671,2024-01-19,2024-09-07,,1148457,200234,152,Inspection,1,6,3,10,4,5,2,2,0
672,Project_672,2024-01-17,2024-07-25,,648693,417616,211,Inspection,17,2,2,4,4,1,4,0,0
673,Project_673,2024-01-17,2024-08-17,,1324416,465335,176,Inspection,6,1,3,3,4,5,5,1,1
674,Project_674,2024-01-08,2024-07-21,,906788,250510,200,Inspection,17,3,3,1,0,9,3,1,1
675,Project_675,2024-01-11,2024-09-14,,1071868,451329,264,Construction,9,9,4,4,5,4,9,2,1
676,Project_676,2024-01-05,2024-12-14,,620136,161585,311,Planning,3,1,4,4,6,1,3,0,1
677,Project_677,2024-01-05,2024-07-26,,1303744,234952,336,Inspection,15,2,0,5,7,10,6,0,0
678,Project_678,2024-01-16,2024-12-03,,606820,200327,153,Inspection,13,10,2,10,3,1,1,1,0
679,Project_679,2024-01-15,2024-10-27,,827000,107607,309,Inspection,9,1,4,6,6,6,2,1,0
680,Project_680,2024-01-04,2024-09-26,,658892,165124,168,Planning,10,3,1,4,9,7,4,0,1
681,Project_681,2024-01-29,2024-09-08,,860939,110381,387,Inspection,9,6,2,8,2,6,6,2,0
682,Project_682,2024-01-28,2024-09-13,,1030357,443454,163,Inspection,15,7,0,2,2,9,3,2,0
683,Project_683,2024-01-23,2024-09-22,,1234979,384606,364,Inspection,7,6,4,8,6,10,6,1,1
684,Project_684,2024-01-05,2024-12-10,,937714,372776,377,Planning,16,5,1,7,1,1,8,1,0
685,Project_685,2024-01-13,2024-07-12,,1424382,108279,365,Inspection,10,1,1,10,2,9,8,2,0
686,Project_686,2024-01-09,2024-12-10,,638659,366428,190,Planning,18,3,2,1,2,9,8,1,1
687,Project_687,2024-01-17,2024-11-15,,1253788,264803,382,Construction,15,1,2,5,2,10,2,2,0
688,Project_688,2024-01-07,2024-12-02,,914865,167091,341,Construction,17,9,0,8,2,9,10,2,0
689,Project_689,2024-01-21,2024-09-18,,1066793,191183,384,Inspection,18,10,1,9,3,3,8,2,0
690,Project_690,2024-01-03,2024-07-23,,811845,278858,399,Inspection,16,9,2,2,0,3,8,1,0
691,Project_691,2024-01-27,2024-07-05,,668136,54572,355,Inspection,8,5,3,2,2,2,5,0,1
692,Project_692,2024-01-24,2024-08-18,,552593,168220,292,Inspection,10,8,2,5,1,4,1,0,1
693,Project_693,2024-01-08,2024-07-14,,846246,300712,291,Construction,3,10,4,9,6,8,7,1,1
694,Project_694,2024-01-15,2024-08-25,,909714,189507,301,Construction,17,2,2,10,3,8,3,1,1
695,Project_695,2024-01-30,2024-10-02,,554521,165430,213,Inspection,1,3,2,10,8,2,5,2,1
696,Project_696,2024-01-27,2024-08-22,,506140,372444,271,Inspection,11,5,1,5,5,8,4,2,0
697,Project_697,2024-01-02,2024-10-26,,1079010,178727,199,Construction,3,7,3,3,8,3,4,2,0
698,Project_698,2024-01-22,2024-07-15,,1248370,402287,239,Planning,9,10,0,2,5,4,1,0,1
699,Project_699,2024-01-26,2024-08-05,,1364710,85451,340,Construction,10,2,2,10,0,2,5,1,0
700,Project_700,2024-01-25,2024-07-15,,547710,359458,234,Construction,18,7,2,2,6,6,3,1,0
701,Project_701,2024-01-30,2024-11-13,,938597,371772,350,Planning,6,2,1,8,2,5,1,1,1
702,Project_702,2024-01-15,2024-09-23,,1152117,236858,154,Construction,17,1,4,5,8,2,5,1,1
703,Project_703,2024-01-22,2024-10-06,,1494829,246765,206,Construction,3,1,0,6,9,6,2,0,0
704,Project_704,2024-01-25,2024-12-26,,592472,90961,322,Inspection,11,6,0,1,7,7,1,1,1
705,Project_705,2024-01-28,2024-07-07,,1278041,426737,184,Construction,1,2,2,2,9,3,10,2,1
706,Project_706,2024-01-06,2024-07-10,,504352,260565,330,Inspection,19,4,0,3,1,9,5,2,0
707,Project_707,2024-01-01,2024-08-26,,1362218,46287,275,Construction,12,3,3,5,5,4,3,2,1
708,Project_708,2024-01-18,2024-12-24,,875176,70248,206,Construction,4,3,2,6,2,5,7,1,0
709,Project_709,2024-01-22,2024-09-18,,926560,308422,181,Planning,6,2,2,2,5,3,4,1,1
710,Project_710,2024-01-05,2024-10-15,,976763,145235,262,Construction,1,6,3,8,8,1,7,0,0
711,Project_711,2024-01-18,2024-08-12,,546499,77893,152,Inspection,7,4,1,9,0,9,6,1,1
712,Project_712,2024-01-21,2024-10-26,,1100781,188214,367,Planning,17,1,0,7,2,10,8,0,0
713,Project_713,2024-01-17,2024-09-19,,1038566,400157,210,Planning,8,9,2,4,3,7,7,2,1
714,Project_714,2024-01-13,2024-11-15,,984768,297224,276,Planning,15,10,3,10,7,5,2,2,1
715,Project_715,2024-01-03,2024-11-19,,1002047,95952,290,Inspection,9,9,3,10,4,7,1,0,0
716,Project_716,2024-01-27,2024-12-30,,1415617,341567,363,Planning,15,2,3,1,0,6,3,1,0
717,Project_717,2024-01-10,2024-12-18,,884707,339626,183,Planning,17,5,0,6,7,6,5,1,0
718,Project_718,2024-01-27,2024-12-22,,1156890,438090,199,Construction,9,9,4,9,7,10,8,1,0
719,Project_719,2024-01-30,2024-07-18,,569671,181310,302,Construction,13,1,4,3,2,9,4,0,1
720,Project_720,2024-01-27,2024-07-10,,688358,151613,326,Inspection,16,1,1,3,8,2,4,2,1
721,Project_721,2024-01-19,2024-08-23,,871303,486468,374,Planning,16,10,4,10,6,7,5,2,0
722,Project_722,2024-01-18,2024-09-10,,799337,2719,292,Construction,6,1,2,4,8,4,9,1,0
723,Project_723,2024-01-06,2024-08-17,,907791,468506,246,Planning,1,3,0,9,9,1,10,2,1
724,Project_724,2024-01-30,2024-08-28,,758079,250151,303,Inspection,10,1,1,2,7,4,4,2,1
725,Project_725,2024-01-19,2024-08-21,,1440574,26050,181,Construction,4,5,0,9,3,9,2,0,0
726,Project_726,2024-01-01,2024-06-30,,1335457,109657,310,Inspection,10,4,4,10,5,8,9,0,0
727,Project_727,2024-01-27,2024-10-19,,629795,120945,329,Planning,6,9,2,5,7,9,2,1,1
728,Project_728,2024-01-21,2024-09-02,,958366,31793,177,Construction,4,2,4,9,8,9,2,2,0
729,Project_729,2024-01-18,2024-11-21,,1362923,21152,318,Planning,5,7,1,2,9,9,1,1,1
730,Project_730,2024-01-21,2024-12-04,,1011179,28206,252,Construction,14,8,1,3,9,6,4,2,0
731,Project_731,2024-01-17,2024-11-03,,784135,236666,265,Planning,8,3,1,5,7,3,8,2,1
732,Project_732,2024-01-28,2024-09-18,,680923,279583,275,Construction,11,3,3,4,9,7,3,2,0
733,Project_733,2024-01-16,2024-07-29,,1043278,491045,325,Inspection,10,1,4,9,0,6,10,0,0
734,Project_734,2024-01-09,2024-10-20,,1171258,91720,321,Construction,14,6,1,3,7,7,10,2,0
735,Project_735,2024-01-09,2024-08-23,,1083122,121364,398,Inspection,9,10,4,5,1,7,4,0,1
736,Project_736,2024-01-04,2024-11-21,,947280,158804,362,Construction,4,3,0,6,9,2,1,2,1
737,Project_737,2024-01-04,2024-07-21,,1371491,441803,271,Planning,11,3,2,7,1,6,1,2,0
738,Project_738,2024-01-11,2024-06-29,,1014013,291064,260,Planning,3,9,4,5,3,6,10,2,1
739,Project_739,2024-01-04,2024-07-27,,1081882,125306,212,Planning,11,7,4,5,4,10,3,1,0
740,Project_740,2024-01-03,2024-08-28,,506266,87610,191,Planning,19,3,0,5,5,5,3,1,0
741,Project_741,2024-01-03,2024-07-26,,505025,421413,322,Construction,13,3,0,5,7,4,2,0,0
742,Project_742,2024-01-22,2024-10-24,,747946,273994,397,Inspection,3,1,0,8,3,2,10,0,1
743,Project_743,2024-01-02,2024-12-25,,1005793,243581,308,Construction,1,1,0,7,4,9,1,1,0
744,Project_744,2024-01-26,2024-10-06,,1184325,349817,321,Construction,3,6,1,9,0,9,10,0,0
745,Project_745,2024-01-22,2024-09-28,,836194,51395,378,Planning,18,4,3,1,7,1,6,1,0
746,Project_746,2024-01-10,2024-10-27,,1312035,435652,238,Construction,9,5,2,7,2,6,5,0,0
747,Project_747,2024-01-23,2024-11-03,,597071,56529,174,Planning,9,2,2,8,4,10,4,1,0
748,Project_748,2024-01-17,2024-11-07,,1046945,25703,298,Construction,16,8,2,1,9,7,6,0,0
749,Project_749,2024-01-13,2024-10-09,,1083484,33150,168,Planning,13,2,0,10,2,9,10,2,1
750,Project_750,2024-01-02,2024-09-07,,1040955,293669,246,Construction,3,7,2,1,9,5,3,2,1
751,Project_751,2024-01-24,2024-11-09,,1032082,91183,399,Planning,7,3,2,9,6,8,6,1,0
752,Project_752,2024-01-28,2024-12-10,,1048725,498701,255,Construction,10,7,2,7,9,8,8,2,0
753,Project_753,2024-01-27,2024-07-27,,1174691,321839,297,Inspection,16,5,2,8,4,7,5,2,0
754,Project_754,2024-01-17,2024-08-26,,710898,18435,253,Inspection,6,6,3,9,7,3,9,0,0
755,Project_755,2024-01-22,2024-09-08,,509256,489943,177,Inspection,2,10,4,3,3,7,10,2,0
756,Project_756,2024-01-24,2024-11-02,,611385,343247,194,Construction,13,6,3,3,2,4,8,0,0
757,Project_757,2024-01-12,2024-12-30,,1331498,263360,320,Construction,6,2,3,5,9,10,2,1,1
758,Project_758,2024-01-11,2024-11-06,,878896,352726,293,Inspection,17,9,0,4,1,10,6,2,1
759,Project_759,2024-01-20,2024-09-27,,1064683,164974,297,Planning,3,2,0,9,7,1,1,0,0
760,Project_760,2024-01-06,2024-12-28,,660325,275866,259,Inspection,6,1,1,7,1,4,4,1,1
761,Project_761,2024-01-07,2024-09-11,,543057,155773,236,Inspection,1,3,3,7,8,4,8,1,0
762,Project_762,2024-01-16,2024-07-11,,611717,460610,316,Planning,10,10,3,6,9,7,9,2,0
763,Project_763,2024-01-01,2024-07-31,,943513,80664,323,Inspection,8,7,4,8,6,4,3,0,0
764,Project_764,2024-01-14,2024-09-24,,680529,296044,209,Planning,17,7,3,2,2,9,8,1,0
765,Project_765,2024-01-04,2024-11-02,,933883,410114,154,Construction,16,1,2,10,4,4,9,2,0
766,Project_766,2024-01-23,2024-12-09,,871951,496995,251,Inspection,10,4,3,8,4,5,8,2,0
767,Project_767,2024-01-14,2024-11-29,,518965,198078,317,Construction,9,4,4,8,1,7,10,2,0
768,Project_768,2024-01-28,2024-08-27,,1330134,227978,226,Planning,1,5,0,3,7,2,4,1,1
769,Project_769,2024-01-16,2024-11-20,,1013972,316154,350,Planning,10,5,0,7,8,8,1,0,0
770,Project_770,2024-01-20,2024-11-27,,1202221,478999,186,Planning,13,7,0,5,6,8,2,0,0
771,Project_771,2024-01-27,2024-09-23,,777663,92466,238,Inspection,1,7,2,5,7,10,4,0,1
772,Project_772,2024-01-30,2024-11-27,,579273,223864,221,Planning,18,4,3,4,9,5,6,1,0
773,Project_773,2024-01-28,2024-09-19,,504374,446790,225,Construction,19,2,1,9,1,1,9,0,0
774,Project_774,2024-01-15,2024-12-19,,1354115,409136,163,Construction,2,6,2,8,5,8,5,2,0
775,Project_775,2024-01-30,2024-07-24,,1030119,440919,322,Planning,9,3,2,8,3,4,7,1,1
776,Project_776,2024-01-04,2024-10-14,,796096,440568,309,Planning,9,1,0,4,9,4,8,2,0
777,Project_777,2024-01-15,2024-09-03,,1422517,44161,212,Planning,13,7,3,3,6,6,1,1,1
778,Project_778,2024-01-13,2024-08-30,,1090649,140194,325,Planning,6,9,0,10,8,7,3,1,0
779,Project_779,2024-01-15,2024-09-03,,814242,80399,308,Construction,14,6,3,5,0,8,3,1,0
780,Project_780,2024-01-27,2024-09-02,,1335098,4490,395,Inspection,16,8,4,6,2,2,2,1,1
781,Project_781,2024-01-26,2024-10-09,,576542,301974,322,Planning,16,10,0,7,6,4,2,0,1
782,Project_782,2024-01-16,2024-09-15,,1319492,221436,324,Planning,9,7,3,6,3,9,5,2,1
783,Project_783,2024-01-03,2024-08-03,,840829,60681,335,Inspection,7,6,2,2,9,10,2,0,1
784,Project_784,2024-01-02,2024-11-14,,876852,184132,222,Inspection,4,5,3,7,9,3,2,0,1
785,Project_785,2024-01-06,2024-10-04,,1246783,395930,388,Inspection,12,2,2,4,3,1,7,2,0
786,Project_786,2024-01-27,2024-07-29,,1121267,137624,336,Inspection,3,9,1,10,6,7,1,0,1
787,Project_787,2024-01-03,2024-08-19,,900444,344151,159,Planning,10,5,0,8,0,8,9,1,0
788,Project_788,2024-01-05,2024-11-30,,1350467,353629,362,Inspection,11,7,3,10,9,5,1,2,0
789,Project_789,2024-01-07,2024-11-18,,1288974,72447,263,Construction,9,8,3,1,4,6,9,2,0
790,Project_790,2024-01-12,2024-10-08,,826513,415470,309,Inspection,18,7,0,2,6,6,6,0,0
791,Project_791,2024-01-22,2024-08-09,,546056,284757,249,Construction,17,4,1,1,6,2,8,1,0
792,Project_792,2024-01-08,2024-09-23,,708467,56829,258,Planning,4,9,2,9,7,9,2,2,0
793,Project_793,2024-01-10,2024-09-14,,1481804,38280,170,Planning,5,3,4,4,6,9,2,0,0
794,Project_794,2024-01-14,2024-10-01,,1326004,223549,344,Construction,5,3,3,2,2,7,3,1,0
795,Project_795,2024-01-04,2024-11-06,,1125459,129039,376,Planning,12,8,3,6,4,2,6,2,0
796,Project_796,2024-01-05,2024-10-06,,950434,399987,204,Construction,14,6,4,10,3,7,4,2,1
797,Project_797,2024-01-06,2024-09-30,,667295,365296,151,Planning,6,4,2,6,3,4,8,2,0
798,Project_798,2024-01-15,2024-08-17,,1187177,350174,161,Planning,6,10,4,10,4,6,7,1,0
799,Project_799,2024-01-05,2024-11-27,,1470961,242830,266,Planning,11,2,1,9,2,10,10,2,1
800,Project_800,2024-01-14,2024-10-24,,1041073,167945,211,Construction,18,10,4,5,4,10,5,1,0
801,Project_801,2024-01-30,2024-08-27,,1064336,292622,320,Planning,2,3,3,5,0,7,4,2,0
802,Project_802,2024-01-02,2024-10-21,,1151332,285430,178,Construction,12,1,1,7,2,4,6,0,1
803,Project_803,2024-01-19,2024-07-01,,833698,272133,192,Inspection,18,6,1,9,6,1,4,2,1
804,Project_804,2024-01-25,2024-12-16,,562642,126088,397,Inspection,4,6,4,2,7,6,3,0,1
805,Project_805,2024-01-03,2024-07-29,,632656,85413,154,Construction,5,10,1,5,7,3,9,1,1
806,Project_806,2024-01-13,2024-12-11,,1043203,386666,239,Planning,9,1,0,2,2,8,1,2,1
807,Project_807,2024-01-24,2024-11-15,,737666,354131,252,Construction,15,1,3,7,5,4,4,0,0
808,Project_808,2024-01-10,2024-10-28,,1391276,16443,312,Inspection,9,3,3,7,9,4,7,2,1
809,Project_809,2024-01-07,2024-07-03,,707369,463971,366,Construction,16,2,1,3,2,10,3,2,0
810,Project_810,2024-01-17,2024-08-05,,706900,243929,286,Inspection,5,2,1,4,4,6,7,1,0
811,Project_811,2024-01-29,2024-10-29,,1264063,19996,308,Planning,17,2,2,3,1,2,7,2,1
812,Project_812,2024-01-12,2024-09-26,,922226,359151,322,Construction,14,3,0,5,0,6,4,2,1
813,Project_813,2024-01-21,2024-08-01,,1385499,470494,313,Construction,8,3,1,9,2,8,4,2,1
814,Project_814,2024-01-27,2024-12-22,,669808,95725,194,Planning,6,10,0,8,5,10,2,1,0
815,Project_815,2024-01-12,2024-09-11,,1079006,394541,165,Planning,18,1,1,10,2,7,3,2,1
816,Project_816,2024-01-16,2024-11-30,,922183,102927,323,Planning,3,1,1,7,1,2,7,1,0
817,Project_817,2024-01-18,2024-09-18,,1479415,374642,344,Planning,15,2,2,6,7,7,1,2,1
818,Project_818,2024-01-11,2024-07-30,,1140641,319773,326,Inspection,8,1,3,6,1,6,8,0,1
819,Project_819,2024-01-28,2024-09-21,,1152675,344419,363,Inspection,18,2,0,10,7,9,7,0,1
820,Project_820,2024-01-06,2024-08-19,,1023850,272150,354,Planning,4,10,0,9,5,7,5,1,1
821,Project_821,2024-01-09,2024-08-09,,1448631,288916,259,Planning,19,2,2,5,7,5,9,1,0
822,Project_822,2024-01-27,2024-10-27,,1480558,176470,367,Inspection,3,1,0,3,1,2,3,0,0
823,Project_823,2024-01-17,2024-09-11,,1166545,166027,275,Construction,2,10,4,2,6,5,9,0,0
824,Project_824,2024-01-21,2024-08-26,,1106749,106427,155,Inspection,18,5,1,3,1,2,6,0,1
825,Project_825,2024-01-27,2024-12-11,,1226918,27101,183,Planning,5,7,0,3,2,2,10,2,1
826,Project_826,2024-01-20,2024-11-08,,1390849,161412,339,Inspection,17,3,1,4,5,6,7,1,1
827,Project_827,2024-01-25,2024-12-22,,548695,211973,335,Construction,8,8,1,4,9,4,6,2,1
828,Project_828,2024-01-12,2024-09-13,,544157,17106,156,Inspection,2,10,4,4,2,10,1,0,1
829,Project_829,2024-01-08,2024-10-02,,1264373,481466,271,Construction,11,4,4,6,6,8,9,2,0
830,Project_830,2024-01-25,2024-08-03,,633681,284652,268,Construction,9,7,4,7,9,2,4,0,1
831,Project_831,2024-01-15,2024-12-02,,902931,44705,355,Planning,19,5,1,7,9,3,4,2,1
832,Project_832,2024-01-07,2024-11-21,,802249,489020,235,Inspection,17,2,4,6,6,5,6,1,0
833,Project_833,2024-01-05,2024-12-09,,1321554,103022,369,Planning,15,7,0,6,6,3,3,2,0
834,Project_834,2024-01-28,2024-11-08,,1050944,90078,340,Inspection,14,3,3,10,1,3,4,2,0
835,Project_835,2024-01-06,2024-08-05,,769066,48940,199,Inspection,6,10,2,1,9,9,5,0,0
836,Project_836,2024-01-23,2024-12-18,,1494826,12933,236,Planning,9,9,2,7,9,9,9,2,0
837,Project_837,2024-01-12,2024-11-13,,759079,377585,380,Inspection,19,6,0,3,1,5,7,0,0
838,Project_838,2024-01-03,2024-07-30,,1175999,452680,302,Planning,11,8,2,6,4,10,8,2,1
839,Project_839,2024-01-01,2024-08-07,,823156,87621,375,Construction,5,3,3,1,9,1,3,0,0
840,Project_840,2024-01-13,2024-07-25,,538703,113008,379,Construction,14,3,0,2,0,9,1,0,0
841,Project_841,2024-01-14,2024-09-28,,911801,209405,186,Inspection,5,5,2,4,5,10,1,1,0
842,Project_842,2024-01-18,2024-11-10,,932440,364312,189,Construction,1,2,4,3,3,6,9,1,0
843,Project_843,2024-01-08,2024-10-05,,1146515,287103,350,Inspection,11,10,1,3,6,8,2,1,0
844,Project_844,2024-01-25,2024-07-23,,677266,446666,390,Planning,15,9,0,10,2,9,9,0,0
845,Project_845,2024-01-20,2024-09-22,,1001807,217527,290,Inspection,8,3,0,6,5,9,9,1,1
846,Project_846,2024-01-10,2024-11-09,,1214738,154218,154,Inspection,19,3,2,7,8,10,7,1,1
847,Project_847,2024-01-14,2024-07-10,,1469701,415412,167,Construction,2,3,4,7,1,3,9,1,1
848,Project_848,2024-01-17,2024-09-05,,589002,153776,258,Construction,10,9,1,8,1,9,7,0,0
849,Project_849,2024-01-12,2024-07-21,,1192049,292930,307,Construction,11,2,0,4,5,6,10,1,0
850,Project_850,2024-01-12,2024-07-31,,634720,52783,242,Construction,8,6,3,2,2,1,7,0,0
851,Project_851,2024-01-06,2024-09-07,,1314698,466318,297,Inspection,2,1,3,10,0,3,6,2,1
852,Project_852,2024-01-14,2024-07-31,,624386,101868,194,Construction,3,9,3,10,8,8,7,2,0
853,Project_853,2024-01-07,2024-10-25,,1178624,490118,350,Planning,8,5,3,2,3,1,6,1,1
854,Project_854,2024-01-10,2024-12-18,,1209454,456917,223,Inspection,10,1,1,7,2,6,1,2,0
855,Project_855,2024-01-21,2024-08-15,,728923,485284,178,Inspection,2,1,4,5,8,9,8,0,0
856,Project_856,2024-01-14,2024-07-04,,1001880,471719,385,Planning,17,6,2,6,4,2,3,0,0
857,Project_857,2024-01-01,2024-10-26,,643723,27833,383,Planning,13,8,1,9,7,7,8,2,0
858,Project_858,2024-01-11,2024-07-26,,608500,39207,324,Construction,14,7,3,9,3,8,8,0,1
859,Project_859,2024-01-23,2024-07-25,,601437,199499,377,Construction,4,1,0,8,3,6,8,1,0
860,Project_860,2024-01-08,2024-07-30,,1325692,474477,283,Inspection,3,1,1,9,6,5,8,2,1
861,Project_861,2024-01-28,2024-09-09,,1379784,385578,217,Inspection,1,1,3,6,7,2,6,1,0
862,Project_862,2024-01-22,2024-09-27,,968295,379086,308,Planning,15,2,3,9,7,7,4,1,0
863,Project_863,2024-01-11,2024-12-26,,948615,16006,278,Inspection,18,7,4,5,9,5,4,2,1
864,Project_864,2024-01-25,2024-08-22,,721190,401761,232,Construction,17,7,0,8,8,7,3,1,0
865,Project_865,2024-01-20,2024-08-21,,1492593,169712,169,Planning,18,8,4,4,1,3,7,2,0
866,Project_866,2024-01-17,2024-08-15,,1192860,328772,302,Inspection,8,9,4,6,4,10,8,0,1
867,Project_867,2024-01-22,2024-08-18,,946031,468326,390,Inspection,16,1,0,10,2,3,6,2,1
868,Project_868,2024-01-21,2024-11-20,,500724,205663,387,Inspection,18,8,1,7,4,4,3,1,1
869,Project_869,2024-01-13,2024-10-30,,1112225,220730,277,Construction,9,9,1,3,0,10,9,0,0
870,Project_870,2024-01-19,2024-12-21,,822040,174972,266,Construction,1,5,0,7,4,7,7,0,1
871,Project_871,2024-01-22,2024-07-15,,1058232,51931,336,Planning,14,5,4,7,8,7,4,1,1
872,Project_872,2024-01-14,2024-11-23,,501149,239011,155,Planning,13,4,3,4,5,8,4,2,0
873,Project_873,2024-01-09,2024-08-22,,762573,225705,178,Inspection,15,3,2,2,0,3,9,1,0
874,Project_874,2024-01-02,2024-09-23,,808100,347415,317,Inspection,5,7,2,9,9,1,7,2,0
875,Project_875,2024-01-07,2024-11-30,,1243587,96600,379,Inspection,17,1,4,10,8,2,7,1,1
876,Project_876,2024-01-16,2024-07-10,,926279,298574,265,Inspection,13,4,0,4,3,1,6,2,0
877,Project_877,2024-01-03,2024-07-08,,606075,137672,214,Planning,3,7,0,8,5,9,4,2,1
878,Project_878,2024-01-25,2024-11-23,,912515,290537,222,Construction,18,6,4,3,3,7,1,1,0
879,Project_879,2024-01-19,2024-07-22,,1088239,463107,175,Inspection,11,8,2,6,0,9,2,2,1
880,Project_880,2024-01-18,2024-10-12,,585168,86668,278,Construction,7,3,1,7,8,4,5,2,0
881,Project_881,2024-01-13,2024-07-13,,501084,39877,363,Construction,16,9,3,4,6,8,4,1,1
882,Project_882,2024-01-07,2024-10-15,,579824,479921,395,Inspection,8,3,4,5,9,9,1,0,0
883,Project_883,2024-01-14,2024-09-21,,932614,67632,363,Construction,4,2,2,1,3,3,10,1,0
884,Project_884,2024-01-20,2024-08-07,,811247,393619,153,Inspection,9,10,2,5,2,7,3,0,0
885,Project_885,2024-01-20,2024-11-21,,1088073,266057,150,Planning,16,8,3,8,5,4,2,0,0
886,Project_886,2024-01-20,2024-12-10,,1265568,43319,170,Planning,18,9,1,3,3,5,5,0,1
887,Project_887,2024-01-05,2024-11-19,,1386841,485066,380,Construction,2,7,1,3,6,4,7,2,0
888,Project_888,2024-01-30,2024-09-18,,1144573,490995,246,Planning,16,5,3,5,0,2,2,0,0
889,Project_889,2024-01-17,2024-10-01,,1288012,414388,245,Construction,16,1,4,7,7,9,6,0,0
890,Project_890,2024-01-14,2024-10-03,,1095260,83268,266,Construction,11,1,0,1,4,10,2,1,0
891,Project_891,2024-01-25,2024-12-19,,1040884,333526,185,Construction,18,2,1,10,3,7,5,0,1
892,Project_892,2024-01-11,2024-09-03,,996138,57299,352,Inspection,6,9,2,6,0,4,1,2,0
893,Project_893,2024-01-12,2024-08-11,,938753,116144,224,Construction,17,8,0,1,9,2,1,1,0
894,Project_894,2024-01-16,2024-09-02,,1426225,130910,368,Planning,17,2,3,2,3,8,6,2,0
895,Project_895,2024-01-30,2024-08-11,,1326731,478591,193,Planning,18,9,3,3,0,1,5,0,0
896,Project_896,2024-01-11,2024-07-12,,634202,177224,384,Inspection,11,8,2,10,4,5,10,1,1
897,Project_897,2024-01-21,2024-10-25,,1045733,53457,291,Planning,14,9,2,9,8,6,8,1,1
898,Project_898,2024-01-15,2024-09-20,,1084505,430962,242,Planning,6,4,2,8,2,5,2,2,1
899,Project_899,2024-01-10,2024-07-23,,1457510,63795,225,Inspection,2,4,2,2,7,5,1,0,0
900,Project_900,2024-01-29,2024-10-27,,1439669,227330,173,Inspection,14,6,0,9,7,9,8,1,1
901,Project_901,2024-01-25,2024-10-22,,1368349,430805,169,Inspection,14,3,2,3,3,9,10,1,0
902,Project_902,2024-01-15,2024-09-10,,514823,456374,164,Construction,4,9,0,3,9,3,7,1,1
903,Project_903,2024-01-22,2024-12-11,,1246308,220310,212,Planning,5,9,4,8,3,10,3,1,1
904,Project_904,2024-01-13,2024-08-07,,1100960,382425,212,Inspection,3,2,0,10,9,1,10,2,0
905,Project_905,2024-01-02,2024-11-22,,1466909,119668,173,Planning,5,3,3,3,5,3,10,1,0
906,Project_906,2024-01-28,2024-11-05,,1290075,351935,395,Construction,15,1,2,8,7,8,6,1,1
907,Project_907,2024-01-12,2024-09-17,,1058638,491455,183,Inspection,19,2,2,6,5,6,9,0,1
908,Project_908,2024-01-27,2024-09-25,,703618,146403,178,Inspection,15,6,1,7,6,4,4,2,0
909,Project_909,2024-01-28,2024-09-24,,702473,320936,338,Construction,2,10,1,7,6,9,8,2,1
910,Project_910,2024-01-07,2024-07-04,,830132,64645,390,Construction,14,5,4,2,3,5,3,2,1
911,Project_911,2024-01-30,2024-06-29,,1321517,54660,183,Inspection,8,3,0,3,3,10,3,2,0
912,Project_912,2024-01-16,2024-10-15,,1219919,127792,272,Inspection,15,2,1,4,9,10,8,0,0
913,Project_913,2024-01-12,2024-12-19,,1364095,382998,187,Inspection,7,3,2,8,7,4,4,1,0
914,Project_914,2024-01-03,2024-10-19,,1399025,281820,287,Inspection,19,1,3,4,3,8,8,0,1
915,Project_915,2024-01-19,2024-09-14,,1395302,406939,239,Inspection,19,7,0,6,0,4,5,0,0
916,Project_916,2024-01-27,2024-11-07,,639444,70182,381,Inspection,6,1,0,2,9,2,7,1,0
917,Project_917,2024-01-01,2024-09-26,,1064829,324079,154,Inspection,13,4,2,1,8,2,3,0,0
918,Project_918,2024-01-14,2024-09-21,,639048,280663,332,Inspection,12,1,3,10,6,9,7,1,1
919,Project_919,2024-01-14,2024-12-28,,1389271,165715,330,Planning,19,7,0,4,3,10,2,2,1
920,Project_920,2024-01-05,2024-08-04,,622749,165803,384,Construction,3,7,4,7,3,8,6,2,1
921,Project_921,2024-01-13,2024-08-03,,754824,121266,316,Inspection,5,5,0,7,4,4,7,0,1
922,Project_922,2024-01-20,2024-07-16,,1224912,30324,351,Inspection,13,4,1,2,9,1,7,0,1
923,Project_923,2024-01-10,2024-11-05,,593298,7179,239,Planning,18,5,3,6,3,3,8,2,0
924,Project_924,2024-01-03,2024-10-31,,1333669,42903,231,Planning,7,3,3,4,3,9,2,2,1
925,Project_925,2024-01-14,2024-08-12,,1173327,283913,281,Construction,15,8,2,9,8,2,7,2,0
926,Project_926,2024-01-12,2024-09-06,,1186615,438716,331,Inspection,14,5,0,5,4,1,5,0,0
927,Project_927,2024-01-12,2024-08-13,,849958,446774,388,Planning,8,2,4,5,0,6,10,1,0
928,Project_928,2024-01-08,2024-11-27,,1173946,470125,245,Inspection,2,8,1,1,8,1,10,1,0
929,Project_929,2024-01-06,2024-10-28,,728935,471660,332,Inspection,8,6,0,8,8,2,5,2,1
930,Project_930,2024-01-19,2024-09-04,,1141932,321644,301,Inspection,3,10,3,10,9,1,3,0,1
931,Project_931,2024-01-19,2024-11-04,,564051,42757,294,Planning,1,4,0,8,8,5,6,0,1
932,Project_932,2024-01-02,2024-07-17,,517332,244745,167,Planning,2,2,4,5,8,5,9,1,1
933,Project_933,2024-01-30,2024-09-26,,1132908,165615,347,Construction,18,9,2,9,1,5,6,1,0
934,Project_934,2024-01-08,2024-11-12,,899394,184052,282,Inspection,12,7,3,10,4,8,8,0,1
935,Project_935,2024-01-14,2024-12-12,,658911,222057,188,Inspection,6,5,3,8,8,4,3,1,1
936,Project_936,2024-01-03,2024-07-22,,1280341,415193,320,Construction,13,4,4,9,8,4,2,0,1
937,Project_937,2024-01-23,2024-10-24,,540888,45711,200,Construction,17,5,4,9,9,10,10,2,1
938,Project_938,2024-01-04,2024-09-22,,549936,248342,206,Planning,17,2,4,7,2,1,6,2,1
939,Project_939,2024-01-17,2024-11-16,,921315,417397,192,Inspection,16,9,4,9,8,3,1,0,0
940,Project_940,2024-01-29,2024-08-31,,1403387,354511,326,Construction,15,4,0,1,2,7,5,2,0
941,Project_941,2024-01-13,2024-08-05,,1139379,43485,393,Planning,12,10,3,5,1,4,3,2,0
942,Project_942,2024-01-20,2024-10-16,,831483,253328,151,Construction,19,4,1,3,0,3,10,0,1
943,Project_943,2024-01-07,2024-09-30,,527760,28186,280,Construction,6,8,2,3,3,1,3,1,0
944,Project_944,2024-01-18,2024-08-29,,905987,114266,198,Inspection,15,4,4,3,1,6,9,1,1
945,Project_945,2024-01-01,2024-11-20,,659942,379563,301,Construction,3,7,3,9,9,7,4,1,0
946,Project_946,2024-01-30,2024-07-23,,1359522,32848,155,Planning,14,8,4,10,5,2,10,1,0
947,Project_947,2024-01-07,2024-12-25,,1186084,65592,209,Inspection,4,10,1,6,5,7,10,1,0
948,Project_948,2024-01-15,2024-09-10,,613897,260013,245,Planning,19,8,4,8,7,5,10,1,1
949,Project_949,2024-01-03,2024-11-18,,1119684,205099,350,Inspection,9,6,0,9,2,1,7,1,0
950,Project_950,2024-01-24,2024-07-03,,1135143,323866,391,Construction,9,5,1,5,7,10,10,0,1
951,Project_951,2024-01-29,2024-10-02,,801724,205511,217,Inspection,11,5,2,9,3,9,4,1,1
952,Project_952,2024-01-12,2024-07-08,,1298393,65852,161,Construction,16,2,3,5,2,7,4,1,0
953,Project_953,2024-01-09,2024-09-16,,837314,49843,301,Inspection,15,8,2,6,2,1,2,0,0
954,Project_954,2024-01-26,2024-07-22,,1163729,188833,338,Inspection,17,3,4,10,4,4,10,0,0
955,Project_955,2024-01-28,2024-10-07,,1251606,205438,258,Construction,6,4,0,2,4,6,5,0,0
956,Project_956,2024-01-12,2024-09-25,,1230157,465293,389,Construction,17,1,3,5,8,1,3,0,1
957,Project_957,2024-01-17,2024-08-24,,1299408,494325,185,Construction,14,5,1,2,9,6,10,1,0
958,Project_958,2024-01-24,2024-12-30,,1340453,200395,390,Construction,3,1,0,7,6,10,9,1,0
959,Project_959,2024-01-28,2024-09-08,,1186166,463948,150,Planning,3,2,2,9,6,2,7,1,1
960,Project_960,2024-01-28,2024-08-29,,1434307,390888,181,Construction,6,9,0,10,9,1,5,1,0
961,Project_961,2024-01-16,2024-09-15,,1100356,138606,380,Planning,2,9,3,9,0,7,7,1,1
962,Project_962,2024-01-05,2024-08-16,,818299,414146,224,Inspection,2,2,3,3,4,10,2,0,1
963,Project_963,2024-01-18,2024-11-22,,1240304,328711,335,Inspection,5,6,3,5,0,2,3,0,0
964,Project_964,2024-01-01,2024-11-07,,631768,10534,227,Construction,1,4,2,6,8,5,5,2,0
965,Project_965,2024-01-29,2024-07-22,,785057,368076,197,Construction,13,10,0,8,5,1,3,2,1
966,Project_966,2024-01-04,2024-11-21,,694255,444402,222,Inspection,7,2,2,3,6,3,2,2,0
967,Project_967,2024-01-02,2024-08-10,,772501,143474,309,Inspection,19,2,4,4,9,6,5,0,1
968,Project_968,2024-01-01,2024-11-14,,1397532,339974,313,Construction,13,6,1,7,8,10,3,1,0
969,Project_969,2024-01-23,2024-08-30,,811657,405485,208,Planning,17,9,3,7,4,9,8,2,0
970,Project_970,2024-01-17,2024-12-17,,1269072,66758,179,Construction,19,8,3,3,8,1,4,0,1
971,Project_971,2024-01-21,2024-12-10,,1152313,409214,385,Inspection,3,7,2,8,7,9,3,2,0
972,Project_972,2024-01-25,2024-09-16,,636050,402077,234,Planning,2,7,3,10,1,6,8,0,0
973,Project_973,2024-01-21,2024-11-14,,646982,478005,333,Inspection,9,2,4,6,9,6,5,1,0
974,Project_974,2024-01-29,2024-09-27,,674021,59693,274,Inspection,8,2,0,5,5,6,2,1,0
975,Project_975,2024-01-21,2024-12-23,,1181033,44580,228,Planning,13,1,0,2,0,2,2,2,1
976,Project_976,2024-01-04,2024-09-25,,1369693,123607,317,Construction,17,5,1,8,3,5,8,2,1
977,Project_977,2024-01-12,2024-09-14,,1458062,91622,247,Inspection,7,10,3,1,7,9,7,2,1
978,Project_978,2024-01-30,2024-11-29,,519265,228639,363,Construction,13,2,3,6,5,7,6,2,1
979,Project_979,2024-01-24,2024-10-11,,989164,303503,344,Inspection,1,3,1,8,6,1,10,0,1
980,Project_980,2024-01-03,2024-11-04,,1262919,277085,320,Construction,4,4,0,10,7,10,6,2,0
981,Project_981,2024-01-07,2024-09-15,,1093407,384577,222,Inspection,17,2,0,8,0,5,8,1,1
982,Project_982,2024-01-22,2024-12-04,,1086236,242586,393,Inspection,8,10,0,10,9,3,5,2,1
983,Project_983,2024-01-23,2024-07-31,,1005888,307299,324,Inspection,8,6,0,1,9,2,7,0,0
984,Project_984,2024-01-02,2024-10-01,,977676,21774,242,Planning,13,7,1,6,6,3,2,2,0
985,Project_985,2024-01-09,2024-07-18,,1237737,425441,206,Inspection,1,8,0,6,4,5,1,2,1
986,Project_986,2024-01-14,2024-11-17,,1155231,154533,292,Inspection,4,5,2,7,0,4,9,2,0
987,Project_987,2024-01-19,2024-10-23,,1424449,78405,326,Construction,11,3,1,8,2,4,7,1,0
988,Project_988,2024-01-27,2024-10-01,,1206431,376354,322,Planning,19,8,4,1,0,6,5,0,1
989,Project_989,2024-01-22,2024-08-05,,806694,492863,243,Planning,14,7,1,9,9,5,6,0,1
990,Project_990,2024-01-27,2024-07-08,,555418,206988,231,Inspection,7,7,1,10,4,4,7,1,0
991,Project_991,2024-01-28,2024-11-17,,982881,403493,385,Planning,3,10,1,7,2,5,4,0,1
992,Project_992,2024-01-11,2024-12-29,,1315314,37256,197,Construction,18,8,4,4,9,6,2,1,0
993,Project_993,2024-01-14,2024-09-01,,1043932,316072,169,Inspection,4,2,0,2,9,10,6,0,0
994,Project_994,2024-01-28,2024-07-16,,861874,211705,255,Planning,10,6,1,4,3,7,1,0,1
995,Project_995,2024-01-15,2024-10-27,,1152577,346295,222,Planning,13,4,2,10,2,10,5,1,0
996,Project_996,2024-01-21,2024-08-31,,1492792,126980,287,Construction,7,6,1,10,2,5,6,0,1
997,Project_997,2024-01-08,2024-10-15,,1399234,357137,353,Planning,9,4,0,8,8,8,8,0,1
998,Project_998,2024-01-10,2024-09-24,,640223,26736,391,Planning,8,6,4,8,6,2,7,2,1
999,Project_999,2024-01-22,2024-11-16,,1154379,404262,298,Inspection,7,4,4,1,1,5,2,1,1
1000,Project_1000,2024-01-11,2024-08-22,,979631,72409,385,Inspection,1,10,3,2,9,6,6,0,1
